[2026-09-14 23:37:25] DEBUG: Extracting: cache.yml -> /plugins/GUIShop/Dictionary/cache.yml
[2026-09-14 23:37:25] DEBUG: Extracting: inventories.yml -> /plugins/GUIShop/Dictionary/inventories.yml
[2026-09-14 23:37:25] DEBUG: Extracting: Blocks.yml -> /plugins/GUIShop/Dictionary/Blocks.yml
[2026-09-14 23:37:25] DEBUG: Extracted default shop: Blocks.yml
[2026-09-14 23:37:25] DEBUG: Extracting: Food.yml -> /plugins/GUIShop/Dictionary/Food.yml
[2026-09-14 23:37:25] DEBUG: Extracted default shop: Food.yml
[2026-09-14 23:37:25] DEBUG: Extracting: Combat.yml -> /plugins/GUIShop/Dictionary/Combat.yml
[2026-09-14 23:37:25] DEBUG: Extracted default shop: Combat.yml
[2026-09-14 23:37:25] DEBUG: Extracting: Raiding.yml -> /plugins/GUIShop/Dictionary/Raiding.yml
[2026-09-14 23:37:25] DEBUG: Extracted default shop: Raiding.yml
[2026-09-14 23:37:25] DEBUG: Extracting: Spawners.yml -> /plugins/GUIShop/Dictionary/Spawners.yml
[2026-09-14 23:37:25] DEBUG: Extracted default shop: Spawners.yml
[2026-09-14 23:37:25] DEBUG: Loaded shop config: Raiding
[2026-09-14 23:37:25] DEBUG: Loaded shop config: Spawners
[2026-09-14 23:37:25] DEBUG: Loaded shop config: Combat
[2026-09-14 23:37:25] DEBUG: Loaded shop config: Blocks
[2026-09-14 23:37:25] DEBUG: Loaded shop config: Food
[2026-09-14 23:37:25] DEBUG: Loaded 5 shop configs.
[2026-09-14 23:37:25] DEBUG: Loading Cache...
[2026-09-14 23:37:25] DEBUG: Cache loaded successfully!
[2026-09-14 23:37:25] DEBUG: Registering shop commands: shop, buy
[2026-09-14 23:37:25] DEBUG: Registering sell commands: sell
[2026-09-14 23:37:25] DEBUG: ITEM DESERIALIZE: Loading from config at slot -1 in null
[2026-09-14 23:37:25] DEBUG: ITEM DESERIALIZE: Raw config data = {id=GHAST_TEAR, shop-name=&b&l« &fBack, name=&b&l« &fBack, shop-lore=&8Click to go back, lore=&8Click to go back, slot=48}
[2026-09-14 23:37:25] DEBUG: ITEM DESERIALIZE: Loading from config at slot -1 in null
[2026-09-14 23:37:25] DEBUG: ITEM DESERIALIZE: Raw config data = {id=GHAST_TEAR, shop-name=&b&l» &fNext, name=&b&l» &fNext, shop-lore=&8Click to continue, lore=&8Click to continue, slot=52}
[2026-09-14 23:37:25] DEBUG: ITEM DESERIALIZE: Loading from config at slot -1 in null
[2026-09-14 23:37:25] DEBUG: ITEM DESERIALIZE: Raw config data = {id=NETHER_STAR, name=&e&l✦ &fPage &b%page% &7/ &b%maxpage% &e&l✦, lore=[&8━━━━━━━━━━━━━━━━━━, &7Browse through available, &7items using the arrows., &8━━━━━━━━━━━━━━━━━━]}
[2026-09-14 23:37:25] DEBUG: Auto-added 6 GUIShop inventory titles to worth display blacklist
[2026-09-14 23:37:25] DEBUG: Worth config loaded. Enabled: true
[2026-09-14 23:37:25] DEBUG: Extracting: potion-names.txt -> /plugins/GUIShop/Dictionary/potion-names.txt
[2026-09-14 23:37:25] DEBUG: Extracting: spawner-names.txt -> /plugins/GUIShop/Dictionary/spawner-names.txt
[2026-09-14 23:37:25] DEBUG: Extracting: material-names.txt -> /plugins/GUIShop/Dictionary/material-names.txt
[2026-09-14 23:37:25] DEBUG: Extracting: enchantment-names.txt -> /plugins/GUIShop/Dictionary/enchantment-names.txt
[2026-09-14 23:37:25] DEBUG: Extracting: item-flags.txt -> /plugins/GUIShop/Dictionary/item-flags.txt
[2026-09-14 23:37:25] DEBUG: Extracting: README.txt -> /plugins/GUIShop/Dictionary/README.txt
[2026-09-14 23:37:25] DEBUG: MENU: Loading from config (not in cache)
[2026-09-14 23:37:25] DEBUG: Loading Menu from config.
[2026-09-14 23:37:25] DEBUG: Menu configured with 6 rows
[2026-09-14 23:37:25] DEBUG: Loading items for Menu
[2026-09-14 23:37:25] DEBUG: ITEM DESERIALIZE: Loading from config at slot 11 in null
[2026-09-14 23:37:25] DEBUG: ITEM DESERIALIZE: Raw config data = {id=GRASS_BLOCK, name=&a&lBlocks, lore=[&8━━━━━━━━━━━━━━━━━, &7Building materials, &7Wood, Stone, and more, &8━━━━━━━━━━━━━━━━━, &e▶ Click to browse!, &8[Editor: Shift+click to edit shop]], target-shop=Blocks}
[2026-09-14 23:37:25] DEBUG: ITEM DESERIALIZE: Loading from config at slot 12 in null
[2026-09-14 23:37:25] DEBUG: ITEM DESERIALIZE: Raw config data = {id=COOKED_BEEF, name=&6&lFood, lore=[&8━━━━━━━━━━━━━━━━━, &7Delicious food items, &7Keep yourself fed!, &8━━━━━━━━━━━━━━━━━, &e▶ Click to browse!, &8[Editor: Shift+click to edit shop]], target-shop=Food}
[2026-09-14 23:37:25] DEBUG: ITEM DESERIALIZE: Loading from config at slot 13 in null
[2026-09-14 23:37:25] DEBUG: ITEM DESERIALIZE: Raw config data = {id=DIAMOND_SWORD, name=&b&lCombat, lore=[&8━━━━━━━━━━━━━━━━━, &7Weapons and armor, &7Enchanted gear available!, &8━━━━━━━━━━━━━━━━━, &e▶ Click to browse!, &8[Editor: Shift+click to edit shop]], target-shop=Combat}
[2026-09-14 23:37:25] DEBUG: ITEM DESERIALIZE: Loading from config at slot 14 in null
[2026-09-14 23:37:25] DEBUG: ITEM DESERIALIZE: Raw config data = {id=TNT, name=&c&lRaiding, lore=[&8━━━━━━━━━━━━━━━━━, &7TNT, dispensers, and more, &7Everything you need to raid, &8━━━━━━━━━━━━━━━━━, &e▶ Click to browse!, &8[Editor: Shift+click to edit shop]], target-shop=Raiding}
[2026-09-14 23:37:25] DEBUG: ITEM DESERIALIZE: Loading from config at slot 15 in null
[2026-09-14 23:37:25] DEBUG: ITEM DESERIALIZE: Raw config data = {id=SPAWNER, name=&5&lSpawners, lore=[&8━━━━━━━━━━━━━━━━━, &7Mob spawners, &7Build your grinder!, &8━━━━━━━━━━━━━━━━━, &e▶ Click to browse!, &8[Editor: Shift+click to edit shop]], target-shop=Spawners}
[2026-09-14 23:37:25] DEBUG: ITEM DESERIALIZE: Loading from config at slot 45 in null
[2026-09-14 23:37:25] DEBUG: ITEM DESERIALIZE: Raw config data = {type=PLAYER_BALANCE, name=&a%player%'s Balance, lore=[&7Balance: &a%balance%]}
[2026-09-14 23:37:25] DEBUG: ITEM DESERIALIZE: Loading from config at slot 53 in null
[2026-09-14 23:37:25] DEBUG: ITEM DESERIALIZE: Raw config data = {type=BACK, id=RED_STAINED_GLASS_PANE, name=&c&lClose, lore=[&7Click to close the menu]}
[2026-09-14 23:37:25] DEBUG: Loaded Page0 with 7 items.
[2026-09-14 23:37:25] DEBUG: Menu loaded successfully with 1 page(s) and 7 item(s).
[2026-09-14 23:37:25] DEBUG: Starting Warmup for Shop: Blocks
[2026-09-14 23:37:25] DEBUG: SHOP: Loading Blocks from config (not in cache)
[2026-09-14 23:37:25] DEBUG: Loading items for shop: Blocks
[2026-09-14 23:37:25] DEBUG: Shop 'Blocks' > Page0 configured with 6 rows
[2026-09-14 23:37:25] DEBUG: ITEM DESERIALIZE: Loading from config at slot 10 in Blocks
[2026-09-14 23:37:25] DEBUG: ITEM DESERIALIZE: Raw config data = {type=SHOP, id=OAK_LOG, buy-price=8.0, sell-price=2.0}
[2026-09-14 23:37:25] DEBUG: ITEM DESERIALIZE: buy-price raw value = 8.0 (class=Double)
[2026-09-14 23:37:25] DEBUG: ITEM DESERIALIZE: Set buyPrice (from Double) = 8.0
[2026-09-14 23:37:25] DEBUG: ITEM DESERIALIZE: sell-price raw value = 2.0 (class=Double)
[2026-09-14 23:37:25] DEBUG: ITEM DESERIALIZE: Set sellPrice (from Double) = 2.0
[2026-09-14 23:37:25] DEBUG: LOAD: Item OAK_LOG at slot 10 type=SHOP buyPrice=8.0
[2026-09-14 23:37:25] DEBUG: REGISTER: Item OAK_LOG has sell-price 2.0, hasPotion=false
[2026-09-14 23:37:25] DEBUG: Registering OAK_LOG as sellable under key: OAK_LOG
[2026-09-14 23:37:25] DEBUG: ITEM DESERIALIZE: Loading from config at slot 11 in Blocks
[2026-09-14 23:37:25] DEBUG: ITEM DESERIALIZE: Raw config data = {type=SHOP, id=SPRUCE_LOG, buy-price=8.0, sell-price=2.0}
[2026-09-14 23:37:25] DEBUG: ITEM DESERIALIZE: buy-price raw value = 8.0 (class=Double)
[2026-09-14 23:37:25] DEBUG: ITEM DESERIALIZE: Set buyPrice (from Double) = 8.0
[2026-09-14 23:37:25] DEBUG: ITEM DESERIALIZE: sell-price raw value = 2.0 (class=Double)
[2026-09-14 23:37:25] DEBUG: ITEM DESERIALIZE: Set sellPrice (from Double) = 2.0
[2026-09-14 23:37:25] DEBUG: LOAD: Item SPRUCE_LOG at slot 11 type=SHOP buyPrice=8.0
[2026-09-14 23:37:25] DEBUG: REGISTER: Item SPRUCE_LOG has sell-price 2.0, hasPotion=false
[2026-09-14 23:37:25] DEBUG: Registering SPRUCE_LOG as sellable under key: SPRUCE_LOG
[2026-09-14 23:37:25] DEBUG: ITEM DESERIALIZE: Loading from config at slot 12 in Blocks
[2026-09-14 23:37:25] DEBUG: ITEM DESERIALIZE: Raw config data = {type=SHOP, id=BIRCH_LOG, buy-price=8.0, sell-price=2.0}
[2026-09-14 23:37:25] DEBUG: ITEM DESERIALIZE: buy-price raw value = 8.0 (class=Double)
[2026-09-14 23:37:25] DEBUG: ITEM DESERIALIZE: Set buyPrice (from Double) = 8.0
[2026-09-14 23:37:25] DEBUG: ITEM DESERIALIZE: sell-price raw value = 2.0 (class=Double)
[2026-09-14 23:37:25] DEBUG: ITEM DESERIALIZE: Set sellPrice (from Double) = 2.0
[2026-09-14 23:37:25] DEBUG: LOAD: Item BIRCH_LOG at slot 12 type=SHOP buyPrice=8.0
[2026-09-14 23:37:25] DEBUG: REGISTER: Item BIRCH_LOG has sell-price 2.0, hasPotion=false
[2026-09-14 23:37:25] DEBUG: Registering BIRCH_LOG as sellable under key: BIRCH_LOG
[2026-09-14 23:37:25] DEBUG: ITEM DESERIALIZE: Loading from config at slot 13 in Blocks
[2026-09-14 23:37:25] DEBUG: ITEM DESERIALIZE: Raw config data = {type=SHOP, id=JUNGLE_LOG, buy-price=8.0, sell-price=2.0}
[2026-09-14 23:37:25] DEBUG: ITEM DESERIALIZE: buy-price raw value = 8.0 (class=Double)
[2026-09-14 23:37:25] DEBUG: ITEM DESERIALIZE: Set buyPrice (from Double) = 8.0
[2026-09-14 23:37:25] DEBUG: ITEM DESERIALIZE: sell-price raw value = 2.0 (class=Double)
[2026-09-14 23:37:25] DEBUG: ITEM DESERIALIZE: Set sellPrice (from Double) = 2.0
[2026-09-14 23:37:25] DEBUG: LOAD: Item JUNGLE_LOG at slot 13 type=SHOP buyPrice=8.0
[2026-09-14 23:37:25] DEBUG: REGISTER: Item JUNGLE_LOG has sell-price 2.0, hasPotion=false
[2026-09-14 23:37:25] DEBUG: Registering JUNGLE_LOG as sellable under key: JUNGLE_LOG
[2026-09-14 23:37:25] DEBUG: ITEM DESERIALIZE: Loading from config at slot 14 in Blocks
[2026-09-14 23:37:25] DEBUG: ITEM DESERIALIZE: Raw config data = {type=SHOP, id=ACACIA_LOG, buy-price=8.0, sell-price=2.0}
[2026-09-14 23:37:25] DEBUG: ITEM DESERIALIZE: buy-price raw value = 8.0 (class=Double)
[2026-09-14 23:37:25] DEBUG: ITEM DESERIALIZE: Set buyPrice (from Double) = 8.0
[2026-09-14 23:37:25] DEBUG: ITEM DESERIALIZE: sell-price raw value = 2.0 (class=Double)
[2026-09-14 23:37:25] DEBUG: ITEM DESERIALIZE: Set sellPrice (from Double) = 2.0
[2026-09-14 23:37:25] DEBUG: LOAD: Item ACACIA_LOG at slot 14 type=SHOP buyPrice=8.0
[2026-09-14 23:37:25] DEBUG: REGISTER: Item ACACIA_LOG has sell-price 2.0, hasPotion=false
[2026-09-14 23:37:25] DEBUG: Registering ACACIA_LOG as sellable under key: ACACIA_LOG
[2026-09-14 23:37:25] DEBUG: ITEM DESERIALIZE: Loading from config at slot 15 in Blocks
[2026-09-14 23:37:25] DEBUG: ITEM DESERIALIZE: Raw config data = {type=SHOP, id=DARK_OAK_LOG, buy-price=8.0, sell-price=2.0}
[2026-09-14 23:37:25] DEBUG: ITEM DESERIALIZE: buy-price raw value = 8.0 (class=Double)
[2026-09-14 23:37:25] DEBUG: ITEM DESERIALIZE: Set buyPrice (from Double) = 8.0
[2026-09-14 23:37:25] DEBUG: ITEM DESERIALIZE: sell-price raw value = 2.0 (class=Double)
[2026-09-14 23:37:25] DEBUG: ITEM DESERIALIZE: Set sellPrice (from Double) = 2.0
[2026-09-14 23:37:25] DEBUG: LOAD: Item DARK_OAK_LOG at slot 15 type=SHOP buyPrice=8.0
[2026-09-14 23:37:25] DEBUG: REGISTER: Item DARK_OAK_LOG has sell-price 2.0, hasPotion=false
[2026-09-14 23:37:25] DEBUG: Registering DARK_OAK_LOG as sellable under key: DARK_OAK_LOG
[2026-09-14 23:37:25] DEBUG: ITEM DESERIALIZE: Loading from config at slot 16 in Blocks
[2026-09-14 23:37:25] DEBUG: ITEM DESERIALIZE: Raw config data = {type=SHOP, id=CHERRY_LOG, buy-price=10.0, sell-price=2.5}
[2026-09-14 23:37:25] DEBUG: ITEM DESERIALIZE: buy-price raw value = 10.0 (class=Double)
[2026-09-14 23:37:25] DEBUG: ITEM DESERIALIZE: Set buyPrice (from Double) = 10.0
[2026-09-14 23:37:25] DEBUG: ITEM DESERIALIZE: sell-price raw value = 2.5 (class=Double)
[2026-09-14 23:37:25] DEBUG: ITEM DESERIALIZE: Set sellPrice (from Double) = 2.5
[2026-09-14 23:37:25] DEBUG: LOAD: Item CHERRY_LOG at slot 16 type=SHOP buyPrice=10.0
[2026-09-14 23:37:25] DEBUG: REGISTER: Item CHERRY_LOG has sell-price 2.5, hasPotion=false
[2026-09-14 23:37:25] DEBUG: Registering CHERRY_LOG as sellable under key: CHERRY_LOG
[2026-09-14 23:37:25] DEBUG: ITEM DESERIALIZE: Loading from config at slot 19 in Blocks
[2026-09-14 23:37:25] DEBUG: ITEM DESERIALIZE: Raw config data = {type=SHOP, id=OAK_PLANKS, buy-price=4.0, sell-price=1.0}
[2026-09-14 23:37:25] DEBUG: ITEM DESERIALIZE: buy-price raw value = 4.0 (class=Double)
[2026-09-14 23:37:25] DEBUG: ITEM DESERIALIZE: Set buyPrice (from Double) = 4.0
[2026-09-14 23:37:25] DEBUG: ITEM DESERIALIZE: sell-price raw value = 1.0 (class=Double)
[2026-09-14 23:37:25] DEBUG: ITEM DESERIALIZE: Set sellPrice (from Double) = 1.0
[2026-09-14 23:37:25] DEBUG: LOAD: Item OAK_PLANKS at slot 19 type=SHOP buyPrice=4.0
[2026-09-14 23:37:25] DEBUG: REGISTER: Item OAK_PLANKS has sell-price 1.0, hasPotion=false
[2026-09-14 23:37:25] DEBUG: Registering OAK_PLANKS as sellable under key: OAK_PLANKS
[2026-09-14 23:37:25] DEBUG: ITEM DESERIALIZE: Loading from config at slot 20 in Blocks
[2026-09-14 23:37:25] DEBUG: ITEM DESERIALIZE: Raw config data = {type=SHOP, id=SPRUCE_PLANKS, buy-price=4.0, sell-price=1.0}
[2026-09-14 23:37:25] DEBUG: ITEM DESERIALIZE: buy-price raw value = 4.0 (class=Double)
[2026-09-14 23:37:25] DEBUG: ITEM DESERIALIZE: Set buyPrice (from Double) = 4.0
[2026-09-14 23:37:25] DEBUG: ITEM DESERIALIZE: sell-price raw value = 1.0 (class=Double)
[2026-09-14 23:37:25] DEBUG: ITEM DESERIALIZE: Set sellPrice (from Double) = 1.0
[2026-09-14 23:37:25] DEBUG: LOAD: Item SPRUCE_PLANKS at slot 20 type=SHOP buyPrice=4.0
[2026-09-14 23:37:25] DEBUG: REGISTER: Item SPRUCE_PLANKS has sell-price 1.0, hasPotion=false
[2026-09-14 23:37:25] DEBUG: Registering SPRUCE_PLANKS as sellable under key: SPRUCE_PLANKS
[2026-09-14 23:37:25] DEBUG: ITEM DESERIALIZE: Loading from config at slot 21 in Blocks
[2026-09-14 23:37:25] DEBUG: ITEM DESERIALIZE: Raw config data = {type=SHOP, id=BIRCH_PLANKS, buy-price=4.0, sell-price=1.0}
[2026-09-14 23:37:25] DEBUG: ITEM DESERIALIZE: buy-price raw value = 4.0 (class=Double)
[2026-09-14 23:37:25] DEBUG: ITEM DESERIALIZE: Set buyPrice (from Double) = 4.0
[2026-09-14 23:37:25] DEBUG: ITEM DESERIALIZE: sell-price raw value = 1.0 (class=Double)
[2026-09-14 23:37:25] DEBUG: ITEM DESERIALIZE: Set sellPrice (from Double) = 1.0
[2026-09-14 23:37:25] DEBUG: LOAD: Item BIRCH_PLANKS at slot 21 type=SHOP buyPrice=4.0
[2026-09-14 23:37:25] DEBUG: REGISTER: Item BIRCH_PLANKS has sell-price 1.0, hasPotion=false
[2026-09-14 23:37:25] DEBUG: Registering BIRCH_PLANKS as sellable under key: BIRCH_PLANKS
[2026-09-14 23:37:25] DEBUG: ITEM DESERIALIZE: Loading from config at slot 22 in Blocks
[2026-09-14 23:37:25] DEBUG: ITEM DESERIALIZE: Raw config data = {type=SHOP, id=JUNGLE_PLANKS, buy-price=4.0, sell-price=1.0}
[2026-09-14 23:37:25] DEBUG: ITEM DESERIALIZE: buy-price raw value = 4.0 (class=Double)
[2026-09-14 23:37:25] DEBUG: ITEM DESERIALIZE: Set buyPrice (from Double) = 4.0
[2026-09-14 23:37:25] DEBUG: ITEM DESERIALIZE: sell-price raw value = 1.0 (class=Double)
[2026-09-14 23:37:25] DEBUG: ITEM DESERIALIZE: Set sellPrice (from Double) = 1.0
[2026-09-14 23:37:25] DEBUG: LOAD: Item JUNGLE_PLANKS at slot 22 type=SHOP buyPrice=4.0
[2026-09-14 23:37:25] DEBUG: REGISTER: Item JUNGLE_PLANKS has sell-price 1.0, hasPotion=false
[2026-09-14 23:37:25] DEBUG: Registering JUNGLE_PLANKS as sellable under key: JUNGLE_PLANKS
[2026-09-14 23:37:25] DEBUG: ITEM DESERIALIZE: Loading from config at slot 23 in Blocks
[2026-09-14 23:37:25] DEBUG: ITEM DESERIALIZE: Raw config data = {type=SHOP, id=ACACIA_PLANKS, buy-price=4.0, sell-price=1.0}
[2026-09-14 23:37:25] DEBUG: ITEM DESERIALIZE: buy-price raw value = 4.0 (class=Double)
[2026-09-14 23:37:25] DEBUG: ITEM DESERIALIZE: Set buyPrice (from Double) = 4.0
[2026-09-14 23:37:25] DEBUG: ITEM DESERIALIZE: sell-price raw value = 1.0 (class=Double)
[2026-09-14 23:37:25] DEBUG: ITEM DESERIALIZE: Set sellPrice (from Double) = 1.0
[2026-09-14 23:37:25] DEBUG: LOAD: Item ACACIA_PLANKS at slot 23 type=SHOP buyPrice=4.0
[2026-09-14 23:37:25] DEBUG: REGISTER: Item ACACIA_PLANKS has sell-price 1.0, hasPotion=false
[2026-09-14 23:37:25] DEBUG: Registering ACACIA_PLANKS as sellable under key: ACACIA_PLANKS
[2026-09-14 23:37:25] DEBUG: ITEM DESERIALIZE: Loading from config at slot 24 in Blocks
[2026-09-14 23:37:25] DEBUG: ITEM DESERIALIZE: Raw config data = {type=SHOP, id=DARK_OAK_PLANKS, buy-price=4.0, sell-price=1.0}
[2026-09-14 23:37:25] DEBUG: ITEM DESERIALIZE: buy-price raw value = 4.0 (class=Double)
[2026-09-14 23:37:25] DEBUG: ITEM DESERIALIZE: Set buyPrice (from Double) = 4.0
[2026-09-14 23:37:25] DEBUG: ITEM DESERIALIZE: sell-price raw value = 1.0 (class=Double)
[2026-09-14 23:37:25] DEBUG: ITEM DESERIALIZE: Set sellPrice (from Double) = 1.0
[2026-09-14 23:37:25] DEBUG: LOAD: Item DARK_OAK_PLANKS at slot 24 type=SHOP buyPrice=4.0
[2026-09-14 23:37:25] DEBUG: REGISTER: Item DARK_OAK_PLANKS has sell-price 1.0, hasPotion=false
[2026-09-14 23:37:25] DEBUG: Registering DARK_OAK_PLANKS as sellable under key: DARK_OAK_PLANKS
[2026-09-14 23:37:25] DEBUG: ITEM DESERIALIZE: Loading from config at slot 25 in Blocks
[2026-09-14 23:37:25] DEBUG: ITEM DESERIALIZE: Raw config data = {type=SHOP, id=CHERRY_PLANKS, buy-price=5.0, sell-price=1.25}
[2026-09-14 23:37:25] DEBUG: ITEM DESERIALIZE: buy-price raw value = 5.0 (class=Double)
[2026-09-14 23:37:25] DEBUG: ITEM DESERIALIZE: Set buyPrice (from Double) = 5.0
[2026-09-14 23:37:25] DEBUG: ITEM DESERIALIZE: sell-price raw value = 1.25 (class=Double)
[2026-09-14 23:37:25] DEBUG: ITEM DESERIALIZE: Set sellPrice (from Double) = 1.25
[2026-09-14 23:37:25] DEBUG: LOAD: Item CHERRY_PLANKS at slot 25 type=SHOP buyPrice=5.0
[2026-09-14 23:37:25] DEBUG: REGISTER: Item CHERRY_PLANKS has sell-price 1.25, hasPotion=false
[2026-09-14 23:37:25] DEBUG: Registering CHERRY_PLANKS as sellable under key: CHERRY_PLANKS
[2026-09-14 23:37:25] DEBUG: ITEM DESERIALIZE: Loading from config at slot 28 in Blocks
[2026-09-14 23:37:25] DEBUG: ITEM DESERIALIZE: Raw config data = {type=SHOP, id=STONE, buy-price=5.0, sell-price=1.0}
[2026-09-14 23:37:25] DEBUG: ITEM DESERIALIZE: buy-price raw value = 5.0 (class=Double)
[2026-09-14 23:37:25] DEBUG: ITEM DESERIALIZE: Set buyPrice (from Double) = 5.0
[2026-09-14 23:37:25] DEBUG: ITEM DESERIALIZE: sell-price raw value = 1.0 (class=Double)
[2026-09-14 23:37:25] DEBUG: ITEM DESERIALIZE: Set sellPrice (from Double) = 1.0
[2026-09-14 23:37:25] DEBUG: LOAD: Item STONE at slot 28 type=SHOP buyPrice=5.0
[2026-09-14 23:37:25] DEBUG: REGISTER: Item STONE has sell-price 1.0, hasPotion=false
[2026-09-14 23:37:25] DEBUG: Registering STONE as sellable under key: STONE
[2026-09-14 23:37:25] DEBUG: ITEM DESERIALIZE: Loading from config at slot 29 in Blocks
[2026-09-14 23:37:25] DEBUG: ITEM DESERIALIZE: Raw config data = {type=SHOP, id=COBBLESTONE, buy-price=3.0, sell-price=0.5}
[2026-09-14 23:37:25] DEBUG: ITEM DESERIALIZE: buy-price raw value = 3.0 (class=Double)
[2026-09-14 23:37:25] DEBUG: ITEM DESERIALIZE: Set buyPrice (from Double) = 3.0
[2026-09-14 23:37:25] DEBUG: ITEM DESERIALIZE: sell-price raw value = 0.5 (class=Double)
[2026-09-14 23:37:25] DEBUG: ITEM DESERIALIZE: Set sellPrice (from Double) = 0.5
[2026-09-14 23:37:25] DEBUG: LOAD: Item COBBLESTONE at slot 29 type=SHOP buyPrice=3.0
[2026-09-14 23:37:25] DEBUG: REGISTER: Item COBBLESTONE has sell-price 0.5, hasPotion=false
[2026-09-14 23:37:25] DEBUG: Registering COBBLESTONE as sellable under key: COBBLESTONE
[2026-09-14 23:37:25] DEBUG: ITEM DESERIALIZE: Loading from config at slot 30 in Blocks
[2026-09-14 23:37:25] DEBUG: ITEM DESERIALIZE: Raw config data = {type=SHOP, id=STONE_BRICKS, buy-price=10.0, sell-price=2.5}
[2026-09-14 23:37:25] DEBUG: ITEM DESERIALIZE: buy-price raw value = 10.0 (class=Double)
[2026-09-14 23:37:25] DEBUG: ITEM DESERIALIZE: Set buyPrice (from Double) = 10.0
[2026-09-14 23:37:25] DEBUG: ITEM DESERIALIZE: sell-price raw value = 2.5 (class=Double)
[2026-09-14 23:37:25] DEBUG: ITEM DESERIALIZE: Set sellPrice (from Double) = 2.5
[2026-09-14 23:37:25] DEBUG: LOAD: Item STONE_BRICKS at slot 30 type=SHOP buyPrice=10.0
[2026-09-14 23:37:25] DEBUG: REGISTER: Item STONE_BRICKS has sell-price 2.5, hasPotion=false
[2026-09-14 23:37:25] DEBUG: Registering STONE_BRICKS as sellable under key: STONE_BRICKS
[2026-09-14 23:37:25] DEBUG: ITEM DESERIALIZE: Loading from config at slot 31 in Blocks
[2026-09-14 23:37:25] DEBUG: ITEM DESERIALIZE: Raw config data = {type=SHOP, id=MOSSY_STONE_BRICKS, buy-price=15.0, sell-price=3.0}
[2026-09-14 23:37:25] DEBUG: ITEM DESERIALIZE: buy-price raw value = 15.0 (class=Double)
[2026-09-14 23:37:25] DEBUG: ITEM DESERIALIZE: Set buyPrice (from Double) = 15.0
[2026-09-14 23:37:25] DEBUG: ITEM DESERIALIZE: sell-price raw value = 3.0 (class=Double)
[2026-09-14 23:37:25] DEBUG: ITEM DESERIALIZE: Set sellPrice (from Double) = 3.0
[2026-09-14 23:37:25] DEBUG: LOAD: Item MOSSY_STONE_BRICKS at slot 31 type=SHOP buyPrice=15.0
[2026-09-14 23:37:25] DEBUG: REGISTER: Item MOSSY_STONE_BRICKS has sell-price 3.0, hasPotion=false
[2026-09-14 23:37:25] DEBUG: Registering MOSSY_STONE_BRICKS as sellable under key: MOSSY_STONE_BRICKS
[2026-09-14 23:37:25] DEBUG: ITEM DESERIALIZE: Loading from config at slot 32 in Blocks
[2026-09-14 23:37:25] DEBUG: ITEM DESERIALIZE: Raw config data = {type=SHOP, id=CRACKED_STONE_BRICKS, buy-price=12.0, sell-price=2.5}
[2026-09-14 23:37:25] DEBUG: ITEM DESERIALIZE: buy-price raw value = 12.0 (class=Double)
[2026-09-14 23:37:25] DEBUG: ITEM DESERIALIZE: Set buyPrice (from Double) = 12.0
[2026-09-14 23:37:25] DEBUG: ITEM DESERIALIZE: sell-price raw value = 2.5 (class=Double)
[2026-09-14 23:37:25] DEBUG: ITEM DESERIALIZE: Set sellPrice (from Double) = 2.5
[2026-09-14 23:37:25] DEBUG: LOAD: Item CRACKED_STONE_BRICKS at slot 32 type=SHOP buyPrice=12.0
[2026-09-14 23:37:25] DEBUG: REGISTER: Item CRACKED_STONE_BRICKS has sell-price 2.5, hasPotion=false
[2026-09-14 23:37:25] DEBUG: Registering CRACKED_STONE_BRICKS as sellable under key: CRACKED_STONE_BRICKS
[2026-09-14 23:37:25] DEBUG: ITEM DESERIALIZE: Loading from config at slot 33 in Blocks
[2026-09-14 23:37:25] DEBUG: ITEM DESERIALIZE: Raw config data = {type=SHOP, id=SMOOTH_STONE, buy-price=8.0, sell-price=2.0}
[2026-09-14 23:37:25] DEBUG: ITEM DESERIALIZE: buy-price raw value = 8.0 (class=Double)
[2026-09-14 23:37:25] DEBUG: ITEM DESERIALIZE: Set buyPrice (from Double) = 8.0
[2026-09-14 23:37:25] DEBUG: ITEM DESERIALIZE: sell-price raw value = 2.0 (class=Double)
[2026-09-14 23:37:25] DEBUG: ITEM DESERIALIZE: Set sellPrice (from Double) = 2.0
[2026-09-14 23:37:25] DEBUG: LOAD: Item SMOOTH_STONE at slot 33 type=SHOP buyPrice=8.0
[2026-09-14 23:37:25] DEBUG: REGISTER: Item SMOOTH_STONE has sell-price 2.0, hasPotion=false
[2026-09-14 23:37:25] DEBUG: Registering SMOOTH_STONE as sellable under key: SMOOTH_STONE
[2026-09-14 23:37:25] DEBUG: ITEM DESERIALIZE: Loading from config at slot 34 in Blocks
[2026-09-14 23:37:25] DEBUG: ITEM DESERIALIZE: Raw config data = {type=SHOP, id=CHISELED_STONE_BRICKS, buy-price=15.0, sell-price=3.0}
[2026-09-14 23:37:25] DEBUG: ITEM DESERIALIZE: buy-price raw value = 15.0 (class=Double)
[2026-09-14 23:37:25] DEBUG: ITEM DESERIALIZE: Set buyPrice (from Double) = 15.0
[2026-09-14 23:37:25] DEBUG: ITEM DESERIALIZE: sell-price raw value = 3.0 (class=Double)
[2026-09-14 23:37:25] DEBUG: ITEM DESERIALIZE: Set sellPrice (from Double) = 3.0
[2026-09-14 23:37:25] DEBUG: LOAD: Item CHISELED_STONE_BRICKS at slot 34 type=SHOP buyPrice=15.0
[2026-09-14 23:37:25] DEBUG: REGISTER: Item CHISELED_STONE_BRICKS has sell-price 3.0, hasPotion=false
[2026-09-14 23:37:25] DEBUG: Registering CHISELED_STONE_BRICKS as sellable under key: CHISELED_STONE_BRICKS
[2026-09-14 23:37:25] DEBUG: ITEM DESERIALIZE: Loading from config at slot 48 in Blocks
[2026-09-14 23:37:25] DEBUG: ITEM DESERIALIZE: Raw config data = {type=PAGE_LEFT, id=ARROW, name=&7Previous Page, lore=[&eClick to go back, &8[Editor: Shift+click to navigate]]}
[2026-09-14 23:37:25] DEBUG: LOAD: Item ARROW at slot 48 type=PAGE_LEFT buyPrice=none
[2026-09-14 23:37:25] DEBUG: SKIP REGISTER: Item ARROW has no sell-price
[2026-09-14 23:37:25] DEBUG: ITEM DESERIALIZE: Loading from config at slot 49 in Blocks
[2026-09-14 23:37:25] DEBUG: ITEM DESERIALIZE: Raw config data = {type=PAGE_STATUS, id=NETHER_STAR, name=&fPage %page% of %maxpage%}
[2026-09-14 23:37:25] DEBUG: LOAD: Item NETHER_STAR at slot 49 type=PAGE_STATUS buyPrice=none
[2026-09-14 23:37:25] DEBUG: SKIP REGISTER: Item NETHER_STAR has no sell-price
[2026-09-14 23:37:25] DEBUG: ITEM DESERIALIZE: Loading from config at slot 50 in Blocks
[2026-09-14 23:37:25] DEBUG: ITEM DESERIALIZE: Raw config data = {type=PAGE_RIGHT, id=ARROW, name=&7Next Page, lore=[&eClick to continue, &8[Editor: Shift+click to navigate]]}
[2026-09-14 23:37:25] DEBUG: LOAD: Item ARROW at slot 50 type=PAGE_RIGHT buyPrice=none
[2026-09-14 23:37:25] DEBUG: SKIP REGISTER: Item ARROW has no sell-price
[2026-09-14 23:37:25] DEBUG: ITEM DESERIALIZE: Loading from config at slot 53 in Blocks
[2026-09-14 23:37:25] DEBUG: ITEM DESERIALIZE: Raw config data = {type=BACK, id=RED_STAINED_GLASS_PANE, name=&c&lBack to Menu, lore=[&7Click to return to menu]}
[2026-09-14 23:37:25] DEBUG: LOAD: Item RED_STAINED_GLASS_PANE at slot 53 type=BACK buyPrice=none
[2026-09-14 23:37:25] DEBUG: SKIP REGISTER: Item RED_STAINED_GLASS_PANE has no sell-price
[2026-09-14 23:37:25] DEBUG: Loaded Page0 with 25 items.
[2026-09-14 23:37:25] DEBUG: Shop 'Blocks' > Page1 configured with 6 rows
[2026-09-14 23:37:25] DEBUG: ITEM DESERIALIZE: Loading from config at slot 10 in Blocks
[2026-09-14 23:37:25] DEBUG: ITEM DESERIALIZE: Raw config data = {type=SHOP, id=DEEPSLATE, buy-price=8.0, sell-price=2.0}
[2026-09-14 23:37:25] DEBUG: ITEM DESERIALIZE: buy-price raw value = 8.0 (class=Double)
[2026-09-14 23:37:25] DEBUG: ITEM DESERIALIZE: Set buyPrice (from Double) = 8.0
[2026-09-14 23:37:25] DEBUG: ITEM DESERIALIZE: sell-price raw value = 2.0 (class=Double)
[2026-09-14 23:37:25] DEBUG: ITEM DESERIALIZE: Set sellPrice (from Double) = 2.0
[2026-09-14 23:37:25] DEBUG: LOAD: Item DEEPSLATE at slot 10 type=SHOP buyPrice=8.0
[2026-09-14 23:37:25] DEBUG: REGISTER: Item DEEPSLATE has sell-price 2.0, hasPotion=false
[2026-09-14 23:37:25] DEBUG: Registering DEEPSLATE as sellable under key: DEEPSLATE
[2026-09-14 23:37:25] DEBUG: ITEM DESERIALIZE: Loading from config at slot 11 in Blocks
[2026-09-14 23:37:25] DEBUG: ITEM DESERIALIZE: Raw config data = {type=SHOP, id=COBBLED_DEEPSLATE, buy-price=6.0, sell-price=1.5}
[2026-09-14 23:37:25] DEBUG: ITEM DESERIALIZE: buy-price raw value = 6.0 (class=Double)
[2026-09-14 23:37:25] DEBUG: ITEM DESERIALIZE: Set buyPrice (from Double) = 6.0
[2026-09-14 23:37:25] DEBUG: ITEM DESERIALIZE: sell-price raw value = 1.5 (class=Double)
[2026-09-14 23:37:25] DEBUG: ITEM DESERIALIZE: Set sellPrice (from Double) = 1.5
[2026-09-14 23:37:25] DEBUG: LOAD: Item COBBLED_DEEPSLATE at slot 11 type=SHOP buyPrice=6.0
[2026-09-14 23:37:25] DEBUG: REGISTER: Item COBBLED_DEEPSLATE has sell-price 1.5, hasPotion=false
[2026-09-14 23:37:25] DEBUG: Registering COBBLED_DEEPSLATE as sellable under key: COBBLED_DEEPSLATE
[2026-09-14 23:37:25] DEBUG: ITEM DESERIALIZE: Loading from config at slot 12 in Blocks
[2026-09-14 23:37:25] DEBUG: ITEM DESERIALIZE: Raw config data = {type=SHOP, id=DEEPSLATE_BRICKS, buy-price=12.0, sell-price=3.0}
[2026-09-14 23:37:25] DEBUG: ITEM DESERIALIZE: buy-price raw value = 12.0 (class=Double)
[2026-09-14 23:37:25] DEBUG: ITEM DESERIALIZE: Set buyPrice (from Double) = 12.0
[2026-09-14 23:37:25] DEBUG: ITEM DESERIALIZE: sell-price raw value = 3.0 (class=Double)
[2026-09-14 23:37:25] DEBUG: ITEM DESERIALIZE: Set sellPrice (from Double) = 3.0
[2026-09-14 23:37:25] DEBUG: LOAD: Item DEEPSLATE_BRICKS at slot 12 type=SHOP buyPrice=12.0
[2026-09-14 23:37:25] DEBUG: REGISTER: Item DEEPSLATE_BRICKS has sell-price 3.0, hasPotion=false
[2026-09-14 23:37:25] DEBUG: Registering DEEPSLATE_BRICKS as sellable under key: DEEPSLATE_BRICKS
[2026-09-14 23:37:25] DEBUG: ITEM DESERIALIZE: Loading from config at slot 13 in Blocks
[2026-09-14 23:37:25] DEBUG: ITEM DESERIALIZE: Raw config data = {type=SHOP, id=DEEPSLATE_TILES, buy-price=12.0, sell-price=3.0}
[2026-09-14 23:37:25] DEBUG: ITEM DESERIALIZE: buy-price raw value = 12.0 (class=Double)
[2026-09-14 23:37:25] DEBUG: ITEM DESERIALIZE: Set buyPrice (from Double) = 12.0
[2026-09-14 23:37:25] DEBUG: ITEM DESERIALIZE: sell-price raw value = 3.0 (class=Double)
[2026-09-14 23:37:25] DEBUG: ITEM DESERIALIZE: Set sellPrice (from Double) = 3.0
[2026-09-14 23:37:25] DEBUG: LOAD: Item DEEPSLATE_TILES at slot 13 type=SHOP buyPrice=12.0
[2026-09-14 23:37:25] DEBUG: REGISTER: Item DEEPSLATE_TILES has sell-price 3.0, hasPotion=false
[2026-09-14 23:37:25] DEBUG: Registering DEEPSLATE_TILES as sellable under key: DEEPSLATE_TILES
[2026-09-14 23:37:25] DEBUG: ITEM DESERIALIZE: Loading from config at slot 14 in Blocks
[2026-09-14 23:37:25] DEBUG: ITEM DESERIALIZE: Raw config data = {type=SHOP, id=CHISELED_DEEPSLATE, buy-price=15.0, sell-price=3.5}
[2026-09-14 23:37:25] DEBUG: ITEM DESERIALIZE: buy-price raw value = 15.0 (class=Double)
[2026-09-14 23:37:25] DEBUG: ITEM DESERIALIZE: Set buyPrice (from Double) = 15.0
[2026-09-14 23:37:25] DEBUG: ITEM DESERIALIZE: sell-price raw value = 3.5 (class=Double)
[2026-09-14 23:37:25] DEBUG: ITEM DESERIALIZE: Set sellPrice (from Double) = 3.5
[2026-09-14 23:37:25] DEBUG: LOAD: Item CHISELED_DEEPSLATE at slot 14 type=SHOP buyPrice=15.0
[2026-09-14 23:37:25] DEBUG: REGISTER: Item CHISELED_DEEPSLATE has sell-price 3.5, hasPotion=false
[2026-09-14 23:37:25] DEBUG: Registering CHISELED_DEEPSLATE as sellable under key: CHISELED_DEEPSLATE
[2026-09-14 23:37:25] DEBUG: ITEM DESERIALIZE: Loading from config at slot 15 in Blocks
[2026-09-14 23:37:25] DEBUG: ITEM DESERIALIZE: Raw config data = {type=SHOP, id=POLISHED_DEEPSLATE, buy-price=10.0, sell-price=2.5}
[2026-09-14 23:37:25] DEBUG: ITEM DESERIALIZE: buy-price raw value = 10.0 (class=Double)
[2026-09-14 23:37:25] DEBUG: ITEM DESERIALIZE: Set buyPrice (from Double) = 10.0
[2026-09-14 23:37:25] DEBUG: ITEM DESERIALIZE: sell-price raw value = 2.5 (class=Double)
[2026-09-14 23:37:25] DEBUG: ITEM DESERIALIZE: Set sellPrice (from Double) = 2.5
[2026-09-14 23:37:25] DEBUG: LOAD: Item POLISHED_DEEPSLATE at slot 15 type=SHOP buyPrice=10.0
[2026-09-14 23:37:25] DEBUG: REGISTER: Item POLISHED_DEEPSLATE has sell-price 2.5, hasPotion=false
[2026-09-14 23:37:25] DEBUG: Registering POLISHED_DEEPSLATE as sellable under key: POLISHED_DEEPSLATE
[2026-09-14 23:37:25] DEBUG: ITEM DESERIALIZE: Loading from config at slot 16 in Blocks
[2026-09-14 23:37:25] DEBUG: ITEM DESERIALIZE: Raw config data = {type=SHOP, id=REINFORCED_DEEPSLATE, buy-price=500.0, sell-price=100.0}
[2026-09-14 23:37:25] DEBUG: ITEM DESERIALIZE: buy-price raw value = 500.0 (class=Double)
[2026-09-14 23:37:25] DEBUG: ITEM DESERIALIZE: Set buyPrice (from Double) = 500.0
[2026-09-14 23:37:25] DEBUG: ITEM DESERIALIZE: sell-price raw value = 100.0 (class=Double)
[2026-09-14 23:37:25] DEBUG: ITEM DESERIALIZE: Set sellPrice (from Double) = 100.0
[2026-09-14 23:37:25] DEBUG: LOAD: Item REINFORCED_DEEPSLATE at slot 16 type=SHOP buyPrice=500.0
[2026-09-14 23:37:25] DEBUG: REGISTER: Item REINFORCED_DEEPSLATE has sell-price 100.0, hasPotion=false
[2026-09-14 23:37:25] DEBUG: Registering REINFORCED_DEEPSLATE as sellable under key: REINFORCED_DEEPSLATE
[2026-09-14 23:37:25] DEBUG: ITEM DESERIALIZE: Loading from config at slot 19 in Blocks
[2026-09-14 23:37:25] DEBUG: ITEM DESERIALIZE: Raw config data = {type=SHOP, id=DIRT, buy-price=2.0, sell-price=0.25}
[2026-09-14 23:37:25] DEBUG: ITEM DESERIALIZE: buy-price raw value = 2.0 (class=Double)
[2026-09-14 23:37:25] DEBUG: ITEM DESERIALIZE: Set buyPrice (from Double) = 2.0
[2026-09-14 23:37:25] DEBUG: ITEM DESERIALIZE: sell-price raw value = 0.25 (class=Double)
[2026-09-14 23:37:25] DEBUG: ITEM DESERIALIZE: Set sellPrice (from Double) = 0.25
[2026-09-14 23:37:25] DEBUG: LOAD: Item DIRT at slot 19 type=SHOP buyPrice=2.0
[2026-09-14 23:37:25] DEBUG: REGISTER: Item DIRT has sell-price 0.25, hasPotion=false
[2026-09-14 23:37:25] DEBUG: Registering DIRT as sellable under key: DIRT
[2026-09-14 23:37:25] DEBUG: ITEM DESERIALIZE: Loading from config at slot 20 in Blocks
[2026-09-14 23:37:25] DEBUG: ITEM DESERIALIZE: Raw config data = {type=SHOP, id=GRASS_BLOCK, buy-price=10.0, sell-price=2.0}
[2026-09-14 23:37:25] DEBUG: ITEM DESERIALIZE: buy-price raw value = 10.0 (class=Double)
[2026-09-14 23:37:25] DEBUG: ITEM DESERIALIZE: Set buyPrice (from Double) = 10.0
[2026-09-14 23:37:25] DEBUG: ITEM DESERIALIZE: sell-price raw value = 2.0 (class=Double)
[2026-09-14 23:37:25] DEBUG: ITEM DESERIALIZE: Set sellPrice (from Double) = 2.0
[2026-09-14 23:37:25] DEBUG: LOAD: Item GRASS_BLOCK at slot 20 type=SHOP buyPrice=10.0
[2026-09-14 23:37:25] DEBUG: REGISTER: Item GRASS_BLOCK has sell-price 2.0, hasPotion=false
[2026-09-14 23:37:25] DEBUG: Registering GRASS_BLOCK as sellable under key: GRASS_BLOCK
[2026-09-14 23:37:25] DEBUG: ITEM DESERIALIZE: Loading from config at slot 21 in Blocks
[2026-09-14 23:37:25] DEBUG: ITEM DESERIALIZE: Raw config data = {type=SHOP, id=PODZOL, buy-price=15.0, sell-price=3.0}
[2026-09-14 23:37:25] DEBUG: ITEM DESERIALIZE: buy-price raw value = 15.0 (class=Double)
[2026-09-14 23:37:25] DEBUG: ITEM DESERIALIZE: Set buyPrice (from Double) = 15.0
[2026-09-14 23:37:25] DEBUG: ITEM DESERIALIZE: sell-price raw value = 3.0 (class=Double)
[2026-09-14 23:37:25] DEBUG: ITEM DESERIALIZE: Set sellPrice (from Double) = 3.0
[2026-09-14 23:37:25] DEBUG: LOAD: Item PODZOL at slot 21 type=SHOP buyPrice=15.0
[2026-09-14 23:37:25] DEBUG: REGISTER: Item PODZOL has sell-price 3.0, hasPotion=false
[2026-09-14 23:37:25] DEBUG: Registering PODZOL as sellable under key: PODZOL
[2026-09-14 23:37:25] DEBUG: ITEM DESERIALIZE: Loading from config at slot 22 in Blocks
[2026-09-14 23:37:25] DEBUG: ITEM DESERIALIZE: Raw config data = {type=SHOP, id=MYCELIUM, buy-price=20.0, sell-price=4.0}
[2026-09-14 23:37:25] DEBUG: ITEM DESERIALIZE: buy-price raw value = 20.0 (class=Double)
[2026-09-14 23:37:25] DEBUG: ITEM DESERIALIZE: Set buyPrice (from Double) = 20.0
[2026-09-14 23:37:25] DEBUG: ITEM DESERIALIZE: sell-price raw value = 4.0 (class=Double)
[2026-09-14 23:37:25] DEBUG: ITEM DESERIALIZE: Set sellPrice (from Double) = 4.0
[2026-09-14 23:37:25] DEBUG: LOAD: Item MYCELIUM at slot 22 type=SHOP buyPrice=20.0
[2026-09-14 23:37:25] DEBUG: REGISTER: Item MYCELIUM has sell-price 4.0, hasPotion=false
[2026-09-14 23:37:25] DEBUG: Registering MYCELIUM as sellable under key: MYCELIUM
[2026-09-14 23:37:25] DEBUG: ITEM DESERIALIZE: Loading from config at slot 23 in Blocks
[2026-09-14 23:37:25] DEBUG: ITEM DESERIALIZE: Raw config data = {type=SHOP, id=SAND, buy-price=3.0, sell-price=0.5}
[2026-09-14 23:37:25] DEBUG: ITEM DESERIALIZE: buy-price raw value = 3.0 (class=Double)
[2026-09-14 23:37:25] DEBUG: ITEM DESERIALIZE: Set buyPrice (from Double) = 3.0
[2026-09-14 23:37:25] DEBUG: ITEM DESERIALIZE: sell-price raw value = 0.5 (class=Double)
[2026-09-14 23:37:25] DEBUG: ITEM DESERIALIZE: Set sellPrice (from Double) = 0.5
[2026-09-14 23:37:25] DEBUG: LOAD: Item SAND at slot 23 type=SHOP buyPrice=3.0
[2026-09-14 23:37:25] DEBUG: REGISTER: Item SAND has sell-price 0.5, hasPotion=false
[2026-09-14 23:37:25] DEBUG: Registering SAND as sellable under key: SAND
[2026-09-14 23:37:25] DEBUG: ITEM DESERIALIZE: Loading from config at slot 24 in Blocks
[2026-09-14 23:37:25] DEBUG: ITEM DESERIALIZE: Raw config data = {type=SHOP, id=RED_SAND, buy-price=5.0, sell-price=1.0}
[2026-09-14 23:37:25] DEBUG: ITEM DESERIALIZE: buy-price raw value = 5.0 (class=Double)
[2026-09-14 23:37:25] DEBUG: ITEM DESERIALIZE: Set buyPrice (from Double) = 5.0
[2026-09-14 23:37:25] DEBUG: ITEM DESERIALIZE: sell-price raw value = 1.0 (class=Double)
[2026-09-14 23:37:25] DEBUG: ITEM DESERIALIZE: Set sellPrice (from Double) = 1.0
[2026-09-14 23:37:25] DEBUG: LOAD: Item RED_SAND at slot 24 type=SHOP buyPrice=5.0
[2026-09-14 23:37:25] DEBUG: REGISTER: Item RED_SAND has sell-price 1.0, hasPotion=false
[2026-09-14 23:37:25] DEBUG: Registering RED_SAND as sellable under key: RED_SAND
[2026-09-14 23:37:25] DEBUG: ITEM DESERIALIZE: Loading from config at slot 25 in Blocks
[2026-09-14 23:37:25] DEBUG: ITEM DESERIALIZE: Raw config data = {type=SHOP, id=GRAVEL, buy-price=3.0, sell-price=0.5}
[2026-09-14 23:37:25] DEBUG: ITEM DESERIALIZE: buy-price raw value = 3.0 (class=Double)
[2026-09-14 23:37:25] DEBUG: ITEM DESERIALIZE: Set buyPrice (from Double) = 3.0
[2026-09-14 23:37:25] DEBUG: ITEM DESERIALIZE: sell-price raw value = 0.5 (class=Double)
[2026-09-14 23:37:25] DEBUG: ITEM DESERIALIZE: Set sellPrice (from Double) = 0.5
[2026-09-14 23:37:25] DEBUG: LOAD: Item GRAVEL at slot 25 type=SHOP buyPrice=3.0
[2026-09-14 23:37:25] DEBUG: REGISTER: Item GRAVEL has sell-price 0.5, hasPotion=false
[2026-09-14 23:37:25] DEBUG: Registering GRAVEL as sellable under key: GRAVEL
[2026-09-14 23:37:25] DEBUG: ITEM DESERIALIZE: Loading from config at slot 28 in Blocks
[2026-09-14 23:37:25] DEBUG: ITEM DESERIALIZE: Raw config data = {type=SHOP, id=CLAY, buy-price=8.0, sell-price=2.0}
[2026-09-14 23:37:25] DEBUG: ITEM DESERIALIZE: buy-price raw value = 8.0 (class=Double)
[2026-09-14 23:37:25] DEBUG: ITEM DESERIALIZE: Set buyPrice (from Double) = 8.0
[2026-09-14 23:37:25] DEBUG: ITEM DESERIALIZE: sell-price raw value = 2.0 (class=Double)
[2026-09-14 23:37:25] DEBUG: ITEM DESERIALIZE: Set sellPrice (from Double) = 2.0
[2026-09-14 23:37:25] DEBUG: LOAD: Item CLAY at slot 28 type=SHOP buyPrice=8.0
[2026-09-14 23:37:25] DEBUG: REGISTER: Item CLAY has sell-price 2.0, hasPotion=false
[2026-09-14 23:37:25] DEBUG: Registering CLAY as sellable under key: CLAY
[2026-09-14 23:37:25] DEBUG: ITEM DESERIALIZE: Loading from config at slot 29 in Blocks
[2026-09-14 23:37:25] DEBUG: ITEM DESERIALIZE: Raw config data = {type=SHOP, id=TERRACOTTA, buy-price=10.0, sell-price=2.5}
[2026-09-14 23:37:25] DEBUG: ITEM DESERIALIZE: buy-price raw value = 10.0 (class=Double)
[2026-09-14 23:37:25] DEBUG: ITEM DESERIALIZE: Set buyPrice (from Double) = 10.0
[2026-09-14 23:37:25] DEBUG: ITEM DESERIALIZE: sell-price raw value = 2.5 (class=Double)
[2026-09-14 23:37:25] DEBUG: ITEM DESERIALIZE: Set sellPrice (from Double) = 2.5
[2026-09-14 23:37:25] DEBUG: LOAD: Item TERRACOTTA at slot 29 type=SHOP buyPrice=10.0
[2026-09-14 23:37:25] DEBUG: REGISTER: Item TERRACOTTA has sell-price 2.5, hasPotion=false
[2026-09-14 23:37:25] DEBUG: Registering TERRACOTTA as sellable under key: TERRACOTTA
[2026-09-14 23:37:25] DEBUG: ITEM DESERIALIZE: Loading from config at slot 30 in Blocks
[2026-09-14 23:37:25] DEBUG: ITEM DESERIALIZE: Raw config data = {type=SHOP, id=WHITE_TERRACOTTA, buy-price=12.0, sell-price=3.0}
[2026-09-14 23:37:25] DEBUG: ITEM DESERIALIZE: buy-price raw value = 12.0 (class=Double)
[2026-09-14 23:37:25] DEBUG: ITEM DESERIALIZE: Set buyPrice (from Double) = 12.0
[2026-09-14 23:37:25] DEBUG: ITEM DESERIALIZE: sell-price raw value = 3.0 (class=Double)
[2026-09-14 23:37:25] DEBUG: ITEM DESERIALIZE: Set sellPrice (from Double) = 3.0
[2026-09-14 23:37:25] DEBUG: LOAD: Item WHITE_TERRACOTTA at slot 30 type=SHOP buyPrice=12.0
[2026-09-14 23:37:25] DEBUG: REGISTER: Item WHITE_TERRACOTTA has sell-price 3.0, hasPotion=false
[2026-09-14 23:37:25] DEBUG: Registering WHITE_TERRACOTTA as sellable under key: WHITE_TERRACOTTA
[2026-09-14 23:37:25] DEBUG: ITEM DESERIALIZE: Loading from config at slot 31 in Blocks
[2026-09-14 23:37:25] DEBUG: ITEM DESERIALIZE: Raw config data = {type=SHOP, id=BLACK_TERRACOTTA, buy-price=12.0, sell-price=3.0}
[2026-09-14 23:37:25] DEBUG: ITEM DESERIALIZE: buy-price raw value = 12.0 (class=Double)
[2026-09-14 23:37:25] DEBUG: ITEM DESERIALIZE: Set buyPrice (from Double) = 12.0
[2026-09-14 23:37:25] DEBUG: ITEM DESERIALIZE: sell-price raw value = 3.0 (class=Double)
[2026-09-14 23:37:25] DEBUG: ITEM DESERIALIZE: Set sellPrice (from Double) = 3.0
[2026-09-14 23:37:25] DEBUG: LOAD: Item BLACK_TERRACOTTA at slot 31 type=SHOP buyPrice=12.0
[2026-09-14 23:37:25] DEBUG: REGISTER: Item BLACK_TERRACOTTA has sell-price 3.0, hasPotion=false
[2026-09-14 23:37:25] DEBUG: Registering BLACK_TERRACOTTA as sellable under key: BLACK_TERRACOTTA
[2026-09-14 23:37:25] DEBUG: ITEM DESERIALIZE: Loading from config at slot 32 in Blocks
[2026-09-14 23:37:25] DEBUG: ITEM DESERIALIZE: Raw config data = {type=SHOP, id=BRICKS, buy-price=12.0, sell-price=3.0}
[2026-09-14 23:37:25] DEBUG: ITEM DESERIALIZE: buy-price raw value = 12.0 (class=Double)
[2026-09-14 23:37:25] DEBUG: ITEM DESERIALIZE: Set buyPrice (from Double) = 12.0
[2026-09-14 23:37:25] DEBUG: ITEM DESERIALIZE: sell-price raw value = 3.0 (class=Double)
[2026-09-14 23:37:25] DEBUG: ITEM DESERIALIZE: Set sellPrice (from Double) = 3.0
[2026-09-14 23:37:25] DEBUG: LOAD: Item BRICKS at slot 32 type=SHOP buyPrice=12.0
[2026-09-14 23:37:25] DEBUG: REGISTER: Item BRICKS has sell-price 3.0, hasPotion=false
[2026-09-14 23:37:25] DEBUG: Registering BRICKS as sellable under key: BRICKS
[2026-09-14 23:37:25] DEBUG: ITEM DESERIALIZE: Loading from config at slot 33 in Blocks
[2026-09-14 23:37:25] DEBUG: ITEM DESERIALIZE: Raw config data = {type=SHOP, id=MUD_BRICKS, buy-price=10.0, sell-price=2.5}
[2026-09-14 23:37:25] DEBUG: ITEM DESERIALIZE: buy-price raw value = 10.0 (class=Double)
[2026-09-14 23:37:25] DEBUG: ITEM DESERIALIZE: Set buyPrice (from Double) = 10.0
[2026-09-14 23:37:25] DEBUG: ITEM DESERIALIZE: sell-price raw value = 2.5 (class=Double)
[2026-09-14 23:37:25] DEBUG: ITEM DESERIALIZE: Set sellPrice (from Double) = 2.5
[2026-09-14 23:37:25] DEBUG: LOAD: Item MUD_BRICKS at slot 33 type=SHOP buyPrice=10.0
[2026-09-14 23:37:25] DEBUG: REGISTER: Item MUD_BRICKS has sell-price 2.5, hasPotion=false
[2026-09-14 23:37:25] DEBUG: Registering MUD_BRICKS as sellable under key: MUD_BRICKS
[2026-09-14 23:37:25] DEBUG: ITEM DESERIALIZE: Loading from config at slot 34 in Blocks
[2026-09-14 23:37:25] DEBUG: ITEM DESERIALIZE: Raw config data = {type=SHOP, id=WHITE_GLAZED_TERRACOTTA, buy-price=20.0, sell-price=5.0}
[2026-09-14 23:37:25] DEBUG: ITEM DESERIALIZE: buy-price raw value = 20.0 (class=Double)
[2026-09-14 23:37:25] DEBUG: ITEM DESERIALIZE: Set buyPrice (from Double) = 20.0
[2026-09-14 23:37:25] DEBUG: ITEM DESERIALIZE: sell-price raw value = 5.0 (class=Double)
[2026-09-14 23:37:25] DEBUG: ITEM DESERIALIZE: Set sellPrice (from Double) = 5.0
[2026-09-14 23:37:25] DEBUG: LOAD: Item WHITE_GLAZED_TERRACOTTA at slot 34 type=SHOP buyPrice=20.0
[2026-09-14 23:37:25] DEBUG: REGISTER: Item WHITE_GLAZED_TERRACOTTA has sell-price 5.0, hasPotion=false
[2026-09-14 23:37:25] DEBUG: Registering WHITE_GLAZED_TERRACOTTA as sellable under key: WHITE_GLAZED_TERRACOTTA
[2026-09-14 23:37:25] DEBUG: ITEM DESERIALIZE: Loading from config at slot 48 in Blocks
[2026-09-14 23:37:25] DEBUG: ITEM DESERIALIZE: Raw config data = {type=PAGE_LEFT, id=ARROW, name=&7Previous Page, lore=[&eClick to go back, &8[Editor: Shift+click to navigate]]}
[2026-09-14 23:37:25] DEBUG: LOAD: Item ARROW at slot 48 type=PAGE_LEFT buyPrice=none
[2026-09-14 23:37:25] DEBUG: SKIP REGISTER: Item ARROW has no sell-price
[2026-09-14 23:37:25] DEBUG: ITEM DESERIALIZE: Loading from config at slot 49 in Blocks
[2026-09-14 23:37:25] DEBUG: ITEM DESERIALIZE: Raw config data = {type=PAGE_STATUS, id=NETHER_STAR, name=&fPage %page% of %maxpage%}
[2026-09-14 23:37:25] DEBUG: LOAD: Item NETHER_STAR at slot 49 type=PAGE_STATUS buyPrice=none
[2026-09-14 23:37:25] DEBUG: SKIP REGISTER: Item NETHER_STAR has no sell-price
[2026-09-14 23:37:25] DEBUG: ITEM DESERIALIZE: Loading from config at slot 50 in Blocks
[2026-09-14 23:37:25] DEBUG: ITEM DESERIALIZE: Raw config data = {type=PAGE_RIGHT, id=ARROW, name=&7Next Page, lore=[&eClick to continue, &8[Editor: Shift+click to navigate]]}
[2026-09-14 23:37:25] DEBUG: LOAD: Item ARROW at slot 50 type=PAGE_RIGHT buyPrice=none
[2026-09-14 23:37:25] DEBUG: SKIP REGISTER: Item ARROW has no sell-price
[2026-09-14 23:37:25] DEBUG: ITEM DESERIALIZE: Loading from config at slot 53 in Blocks
[2026-09-14 23:37:25] DEBUG: ITEM DESERIALIZE: Raw config data = {type=BACK, id=RED_STAINED_GLASS_PANE, name=&c&lBack to Menu, lore=[&7Click to return to menu]}
[2026-09-14 23:37:25] DEBUG: LOAD: Item RED_STAINED_GLASS_PANE at slot 53 type=BACK buyPrice=none
[2026-09-14 23:37:25] DEBUG: SKIP REGISTER: Item RED_STAINED_GLASS_PANE has no sell-price
[2026-09-14 23:37:25] DEBUG: Loaded Page1 with 25 items.
[2026-09-14 23:37:25] DEBUG: Shop 'Blocks' > Page2 configured with 6 rows
[2026-09-14 23:37:25] DEBUG: ITEM DESERIALIZE: Loading from config at slot 10 in Blocks
[2026-09-14 23:37:25] DEBUG: ITEM DESERIALIZE: Raw config data = {type=SHOP, id=GLASS, buy-price=8.0, sell-price=2.0}
[2026-09-14 23:37:25] DEBUG: ITEM DESERIALIZE: buy-price raw value = 8.0 (class=Double)
[2026-09-14 23:37:25] DEBUG: ITEM DESERIALIZE: Set buyPrice (from Double) = 8.0
[2026-09-14 23:37:25] DEBUG: ITEM DESERIALIZE: sell-price raw value = 2.0 (class=Double)
[2026-09-14 23:37:25] DEBUG: ITEM DESERIALIZE: Set sellPrice (from Double) = 2.0
[2026-09-14 23:37:25] DEBUG: LOAD: Item GLASS at slot 10 type=SHOP buyPrice=8.0
[2026-09-14 23:37:25] DEBUG: REGISTER: Item GLASS has sell-price 2.0, hasPotion=false
[2026-09-14 23:37:25] DEBUG: Registering GLASS as sellable under key: GLASS
[2026-09-14 23:37:25] DEBUG: ITEM DESERIALIZE: Loading from config at slot 11 in Blocks
[2026-09-14 23:37:25] DEBUG: ITEM DESERIALIZE: Raw config data = {type=SHOP, id=WHITE_STAINED_GLASS, buy-price=10.0, sell-price=2.5}
[2026-09-14 23:37:25] DEBUG: ITEM DESERIALIZE: buy-price raw value = 10.0 (class=Double)
[2026-09-14 23:37:25] DEBUG: ITEM DESERIALIZE: Set buyPrice (from Double) = 10.0
[2026-09-14 23:37:25] DEBUG: ITEM DESERIALIZE: sell-price raw value = 2.5 (class=Double)
[2026-09-14 23:37:25] DEBUG: ITEM DESERIALIZE: Set sellPrice (from Double) = 2.5
[2026-09-14 23:37:25] DEBUG: LOAD: Item WHITE_STAINED_GLASS at slot 11 type=SHOP buyPrice=10.0
[2026-09-14 23:37:25] DEBUG: REGISTER: Item WHITE_STAINED_GLASS has sell-price 2.5, hasPotion=false
[2026-09-14 23:37:25] DEBUG: Registering WHITE_STAINED_GLASS as sellable under key: WHITE_STAINED_GLASS
[2026-09-14 23:37:25] DEBUG: ITEM DESERIALIZE: Loading from config at slot 12 in Blocks
[2026-09-14 23:37:25] DEBUG: ITEM DESERIALIZE: Raw config data = {type=SHOP, id=BLACK_STAINED_GLASS, buy-price=10.0, sell-price=2.5}
[2026-09-14 23:37:25] DEBUG: ITEM DESERIALIZE: buy-price raw value = 10.0 (class=Double)
[2026-09-14 23:37:25] DEBUG: ITEM DESERIALIZE: Set buyPrice (from Double) = 10.0
[2026-09-14 23:37:25] DEBUG: ITEM DESERIALIZE: sell-price raw value = 2.5 (class=Double)
[2026-09-14 23:37:25] DEBUG: ITEM DESERIALIZE: Set sellPrice (from Double) = 2.5
[2026-09-14 23:37:25] DEBUG: LOAD: Item BLACK_STAINED_GLASS at slot 12 type=SHOP buyPrice=10.0
[2026-09-14 23:37:25] DEBUG: REGISTER: Item BLACK_STAINED_GLASS has sell-price 2.5, hasPotion=false
[2026-09-14 23:37:25] DEBUG: Registering BLACK_STAINED_GLASS as sellable under key: BLACK_STAINED_GLASS
[2026-09-14 23:37:25] DEBUG: ITEM DESERIALIZE: Loading from config at slot 13 in Blocks
[2026-09-14 23:37:25] DEBUG: ITEM DESERIALIZE: Raw config data = {type=SHOP, id=TINTED_GLASS, buy-price=25.0, sell-price=5.0}
[2026-09-14 23:37:25] DEBUG: ITEM DESERIALIZE: buy-price raw value = 25.0 (class=Double)
[2026-09-14 23:37:25] DEBUG: ITEM DESERIALIZE: Set buyPrice (from Double) = 25.0
[2026-09-14 23:37:25] DEBUG: ITEM DESERIALIZE: sell-price raw value = 5.0 (class=Double)
[2026-09-14 23:37:25] DEBUG: ITEM DESERIALIZE: Set sellPrice (from Double) = 5.0
[2026-09-14 23:37:25] DEBUG: LOAD: Item TINTED_GLASS at slot 13 type=SHOP buyPrice=25.0
[2026-09-14 23:37:25] DEBUG: REGISTER: Item TINTED_GLASS has sell-price 5.0, hasPotion=false
[2026-09-14 23:37:25] DEBUG: Registering TINTED_GLASS as sellable under key: TINTED_GLASS
[2026-09-14 23:37:25] DEBUG: ITEM DESERIALIZE: Loading from config at slot 14 in Blocks
[2026-09-14 23:37:25] DEBUG: ITEM DESERIALIZE: Raw config data = {type=SHOP, id=GLOWSTONE, buy-price=25.0, sell-price=5.0}
[2026-09-14 23:37:25] DEBUG: ITEM DESERIALIZE: buy-price raw value = 25.0 (class=Double)
[2026-09-14 23:37:25] DEBUG: ITEM DESERIALIZE: Set buyPrice (from Double) = 25.0
[2026-09-14 23:37:25] DEBUG: ITEM DESERIALIZE: sell-price raw value = 5.0 (class=Double)
[2026-09-14 23:37:25] DEBUG: ITEM DESERIALIZE: Set sellPrice (from Double) = 5.0
[2026-09-14 23:37:25] DEBUG: LOAD: Item GLOWSTONE at slot 14 type=SHOP buyPrice=25.0
[2026-09-14 23:37:25] DEBUG: REGISTER: Item GLOWSTONE has sell-price 5.0, hasPotion=false
[2026-09-14 23:37:25] DEBUG: Registering GLOWSTONE as sellable under key: GLOWSTONE
[2026-09-14 23:37:25] DEBUG: ITEM DESERIALIZE: Loading from config at slot 15 in Blocks
[2026-09-14 23:37:25] DEBUG: ITEM DESERIALIZE: Raw config data = {type=SHOP, id=SEA_LANTERN, buy-price=30.0, sell-price=6.0}
[2026-09-14 23:37:25] DEBUG: ITEM DESERIALIZE: buy-price raw value = 30.0 (class=Double)
[2026-09-14 23:37:25] DEBUG: ITEM DESERIALIZE: Set buyPrice (from Double) = 30.0
[2026-09-14 23:37:25] DEBUG: ITEM DESERIALIZE: sell-price raw value = 6.0 (class=Double)
[2026-09-14 23:37:25] DEBUG: ITEM DESERIALIZE: Set sellPrice (from Double) = 6.0
[2026-09-14 23:37:25] DEBUG: LOAD: Item SEA_LANTERN at slot 15 type=SHOP buyPrice=30.0
[2026-09-14 23:37:25] DEBUG: REGISTER: Item SEA_LANTERN has sell-price 6.0, hasPotion=false
[2026-09-14 23:37:25] DEBUG: Registering SEA_LANTERN as sellable under key: SEA_LANTERN
[2026-09-14 23:37:25] DEBUG: ITEM DESERIALIZE: Loading from config at slot 16 in Blocks
[2026-09-14 23:37:25] DEBUG: ITEM DESERIALIZE: Raw config data = {type=SHOP, id=SHROOMLIGHT, buy-price=25.0, sell-price=5.0}
[2026-09-14 23:37:25] DEBUG: ITEM DESERIALIZE: buy-price raw value = 25.0 (class=Double)
[2026-09-14 23:37:25] DEBUG: ITEM DESERIALIZE: Set buyPrice (from Double) = 25.0
[2026-09-14 23:37:25] DEBUG: ITEM DESERIALIZE: sell-price raw value = 5.0 (class=Double)
[2026-09-14 23:37:25] DEBUG: ITEM DESERIALIZE: Set sellPrice (from Double) = 5.0
[2026-09-14 23:37:25] DEBUG: LOAD: Item SHROOMLIGHT at slot 16 type=SHOP buyPrice=25.0
[2026-09-14 23:37:25] DEBUG: REGISTER: Item SHROOMLIGHT has sell-price 5.0, hasPotion=false
[2026-09-14 23:37:25] DEBUG: Registering SHROOMLIGHT as sellable under key: SHROOMLIGHT
[2026-09-14 23:37:25] DEBUG: ITEM DESERIALIZE: Loading from config at slot 19 in Blocks
[2026-09-14 23:37:25] DEBUG: ITEM DESERIALIZE: Raw config data = {type=SHOP, id=NETHERRACK, buy-price=2.0, sell-price=0.25}
[2026-09-14 23:37:25] DEBUG: ITEM DESERIALIZE: buy-price raw value = 2.0 (class=Double)
[2026-09-14 23:37:25] DEBUG: ITEM DESERIALIZE: Set buyPrice (from Double) = 2.0
[2026-09-14 23:37:25] DEBUG: ITEM DESERIALIZE: sell-price raw value = 0.25 (class=Double)
[2026-09-14 23:37:25] DEBUG: ITEM DESERIALIZE: Set sellPrice (from Double) = 0.25
[2026-09-14 23:37:25] DEBUG: LOAD: Item NETHERRACK at slot 19 type=SHOP buyPrice=2.0
[2026-09-14 23:37:25] DEBUG: REGISTER: Item NETHERRACK has sell-price 0.25, hasPotion=false
[2026-09-14 23:37:25] DEBUG: Registering NETHERRACK as sellable under key: NETHERRACK
[2026-09-14 23:37:25] DEBUG: ITEM DESERIALIZE: Loading from config at slot 20 in Blocks
[2026-09-14 23:37:25] DEBUG: ITEM DESERIALIZE: Raw config data = {type=SHOP, id=NETHER_BRICKS, buy-price=15.0, sell-price=3.0}
[2026-09-14 23:37:25] DEBUG: ITEM DESERIALIZE: buy-price raw value = 15.0 (class=Double)
[2026-09-14 23:37:25] DEBUG: ITEM DESERIALIZE: Set buyPrice (from Double) = 15.0
[2026-09-14 23:37:25] DEBUG: ITEM DESERIALIZE: sell-price raw value = 3.0 (class=Double)
[2026-09-14 23:37:25] DEBUG: ITEM DESERIALIZE: Set sellPrice (from Double) = 3.0
[2026-09-14 23:37:25] DEBUG: LOAD: Item NETHER_BRICKS at slot 20 type=SHOP buyPrice=15.0
[2026-09-14 23:37:25] DEBUG: REGISTER: Item NETHER_BRICKS has sell-price 3.0, hasPotion=false
[2026-09-14 23:37:25] DEBUG: Registering NETHER_BRICKS as sellable under key: NETHER_BRICKS
[2026-09-14 23:37:25] DEBUG: ITEM DESERIALIZE: Loading from config at slot 21 in Blocks
[2026-09-14 23:37:25] DEBUG: ITEM DESERIALIZE: Raw config data = {type=SHOP, id=RED_NETHER_BRICKS, buy-price=18.0, sell-price=4.0}
[2026-09-14 23:37:25] DEBUG: ITEM DESERIALIZE: buy-price raw value = 18.0 (class=Double)
[2026-09-14 23:37:25] DEBUG: ITEM DESERIALIZE: Set buyPrice (from Double) = 18.0
[2026-09-14 23:37:25] DEBUG: ITEM DESERIALIZE: sell-price raw value = 4.0 (class=Double)
[2026-09-14 23:37:25] DEBUG: ITEM DESERIALIZE: Set sellPrice (from Double) = 4.0
[2026-09-14 23:37:25] DEBUG: LOAD: Item RED_NETHER_BRICKS at slot 21 type=SHOP buyPrice=18.0
[2026-09-14 23:37:25] DEBUG: REGISTER: Item RED_NETHER_BRICKS has sell-price 4.0, hasPotion=false
[2026-09-14 23:37:25] DEBUG: Registering RED_NETHER_BRICKS as sellable under key: RED_NETHER_BRICKS
[2026-09-14 23:37:25] DEBUG: ITEM DESERIALIZE: Loading from config at slot 22 in Blocks
[2026-09-14 23:37:25] DEBUG: ITEM DESERIALIZE: Raw config data = {type=SHOP, id=BLACKSTONE, buy-price=10.0, sell-price=2.0}
[2026-09-14 23:37:25] DEBUG: ITEM DESERIALIZE: buy-price raw value = 10.0 (class=Double)
[2026-09-14 23:37:25] DEBUG: ITEM DESERIALIZE: Set buyPrice (from Double) = 10.0
[2026-09-14 23:37:25] DEBUG: ITEM DESERIALIZE: sell-price raw value = 2.0 (class=Double)
[2026-09-14 23:37:25] DEBUG: ITEM DESERIALIZE: Set sellPrice (from Double) = 2.0
[2026-09-14 23:37:25] DEBUG: LOAD: Item BLACKSTONE at slot 22 type=SHOP buyPrice=10.0
[2026-09-14 23:37:25] DEBUG: REGISTER: Item BLACKSTONE has sell-price 2.0, hasPotion=false
[2026-09-14 23:37:25] DEBUG: Registering BLACKSTONE as sellable under key: BLACKSTONE
[2026-09-14 23:37:25] DEBUG: ITEM DESERIALIZE: Loading from config at slot 23 in Blocks
[2026-09-14 23:37:25] DEBUG: ITEM DESERIALIZE: Raw config data = {type=SHOP, id=POLISHED_BLACKSTONE_BRICKS, buy-price=15.0, sell-price=3.0}
[2026-09-14 23:37:25] DEBUG: ITEM DESERIALIZE: buy-price raw value = 15.0 (class=Double)
[2026-09-14 23:37:25] DEBUG: ITEM DESERIALIZE: Set buyPrice (from Double) = 15.0
[2026-09-14 23:37:25] DEBUG: ITEM DESERIALIZE: sell-price raw value = 3.0 (class=Double)
[2026-09-14 23:37:25] DEBUG: ITEM DESERIALIZE: Set sellPrice (from Double) = 3.0
[2026-09-14 23:37:25] DEBUG: LOAD: Item POLISHED_BLACKSTONE_BRICKS at slot 23 type=SHOP buyPrice=15.0
[2026-09-14 23:37:25] DEBUG: REGISTER: Item POLISHED_BLACKSTONE_BRICKS has sell-price 3.0, hasPotion=false
[2026-09-14 23:37:25] DEBUG: Registering POLISHED_BLACKSTONE_BRICKS as sellable under key: POLISHED_BLACKSTONE_BRICKS
[2026-09-14 23:37:25] DEBUG: ITEM DESERIALIZE: Loading from config at slot 24 in Blocks
[2026-09-14 23:37:25] DEBUG: ITEM DESERIALIZE: Raw config data = {type=SHOP, id=SOUL_SAND, buy-price=10.0, sell-price=2.0}
[2026-09-14 23:37:25] DEBUG: ITEM DESERIALIZE: buy-price raw value = 10.0 (class=Double)
[2026-09-14 23:37:25] DEBUG: ITEM DESERIALIZE: Set buyPrice (from Double) = 10.0
[2026-09-14 23:37:25] DEBUG: ITEM DESERIALIZE: sell-price raw value = 2.0 (class=Double)
[2026-09-14 23:37:25] DEBUG: ITEM DESERIALIZE: Set sellPrice (from Double) = 2.0
[2026-09-14 23:37:25] DEBUG: LOAD: Item SOUL_SAND at slot 24 type=SHOP buyPrice=10.0
[2026-09-14 23:37:25] DEBUG: REGISTER: Item SOUL_SAND has sell-price 2.0, hasPotion=false
[2026-09-14 23:37:25] DEBUG: Registering SOUL_SAND as sellable under key: SOUL_SAND
[2026-09-14 23:37:25] DEBUG: ITEM DESERIALIZE: Loading from config at slot 25 in Blocks
[2026-09-14 23:37:25] DEBUG: ITEM DESERIALIZE: Raw config data = {type=SHOP, id=SOUL_SOIL, buy-price=10.0, sell-price=2.0}
[2026-09-14 23:37:25] DEBUG: ITEM DESERIALIZE: buy-price raw value = 10.0 (class=Double)
[2026-09-14 23:37:25] DEBUG: ITEM DESERIALIZE: Set buyPrice (from Double) = 10.0
[2026-09-14 23:37:25] DEBUG: ITEM DESERIALIZE: sell-price raw value = 2.0 (class=Double)
[2026-09-14 23:37:25] DEBUG: ITEM DESERIALIZE: Set sellPrice (from Double) = 2.0
[2026-09-14 23:37:25] DEBUG: LOAD: Item SOUL_SOIL at slot 25 type=SHOP buyPrice=10.0
[2026-09-14 23:37:25] DEBUG: REGISTER: Item SOUL_SOIL has sell-price 2.0, hasPotion=false
[2026-09-14 23:37:25] DEBUG: Registering SOUL_SOIL as sellable under key: SOUL_SOIL
[2026-09-14 23:37:25] DEBUG: ITEM DESERIALIZE: Loading from config at slot 28 in Blocks
[2026-09-14 23:37:25] DEBUG: ITEM DESERIALIZE: Raw config data = {type=SHOP, id=OBSIDIAN, buy-price=100.0, sell-price=25.0}
[2026-09-14 23:37:25] DEBUG: ITEM DESERIALIZE: buy-price raw value = 100.0 (class=Double)
[2026-09-14 23:37:25] DEBUG: ITEM DESERIALIZE: Set buyPrice (from Double) = 100.0
[2026-09-14 23:37:25] DEBUG: ITEM DESERIALIZE: sell-price raw value = 25.0 (class=Double)
[2026-09-14 23:37:25] DEBUG: ITEM DESERIALIZE: Set sellPrice (from Double) = 25.0
[2026-09-14 23:37:25] DEBUG: LOAD: Item OBSIDIAN at slot 28 type=SHOP buyPrice=100.0
[2026-09-14 23:37:25] DEBUG: REGISTER: Item OBSIDIAN has sell-price 25.0, hasPotion=false
[2026-09-14 23:37:25] DEBUG: Registering OBSIDIAN as sellable under key: OBSIDIAN
[2026-09-14 23:37:25] DEBUG: ITEM DESERIALIZE: Loading from config at slot 29 in Blocks
[2026-09-14 23:37:25] DEBUG: ITEM DESERIALIZE: Raw config data = {type=SHOP, id=CRYING_OBSIDIAN, buy-price=150.0, sell-price=35.0}
[2026-09-14 23:37:25] DEBUG: ITEM DESERIALIZE: buy-price raw value = 150.0 (class=Double)
[2026-09-14 23:37:25] DEBUG: ITEM DESERIALIZE: Set buyPrice (from Double) = 150.0
[2026-09-14 23:37:25] DEBUG: ITEM DESERIALIZE: sell-price raw value = 35.0 (class=Double)
[2026-09-14 23:37:25] DEBUG: ITEM DESERIALIZE: Set sellPrice (from Double) = 35.0
[2026-09-14 23:37:25] DEBUG: LOAD: Item CRYING_OBSIDIAN at slot 29 type=SHOP buyPrice=150.0
[2026-09-14 23:37:25] DEBUG: REGISTER: Item CRYING_OBSIDIAN has sell-price 35.0, hasPotion=false
[2026-09-14 23:37:25] DEBUG: Registering CRYING_OBSIDIAN as sellable under key: CRYING_OBSIDIAN
[2026-09-14 23:37:25] DEBUG: ITEM DESERIALIZE: Loading from config at slot 30 in Blocks
[2026-09-14 23:37:25] DEBUG: ITEM DESERIALIZE: Raw config data = {type=SHOP, id=END_STONE, buy-price=25.0, sell-price=5.0}
[2026-09-14 23:37:25] DEBUG: ITEM DESERIALIZE: buy-price raw value = 25.0 (class=Double)
[2026-09-14 23:37:25] DEBUG: ITEM DESERIALIZE: Set buyPrice (from Double) = 25.0
[2026-09-14 23:37:25] DEBUG: ITEM DESERIALIZE: sell-price raw value = 5.0 (class=Double)
[2026-09-14 23:37:25] DEBUG: ITEM DESERIALIZE: Set sellPrice (from Double) = 5.0
[2026-09-14 23:37:25] DEBUG: LOAD: Item END_STONE at slot 30 type=SHOP buyPrice=25.0
[2026-09-14 23:37:25] DEBUG: REGISTER: Item END_STONE has sell-price 5.0, hasPotion=false
[2026-09-14 23:37:25] DEBUG: Registering END_STONE as sellable under key: END_STONE
[2026-09-14 23:37:25] DEBUG: ITEM DESERIALIZE: Loading from config at slot 31 in Blocks
[2026-09-14 23:37:25] DEBUG: ITEM DESERIALIZE: Raw config data = {type=SHOP, id=END_STONE_BRICKS, buy-price=30.0, sell-price=6.0}
[2026-09-14 23:37:25] DEBUG: ITEM DESERIALIZE: buy-price raw value = 30.0 (class=Double)
[2026-09-14 23:37:25] DEBUG: ITEM DESERIALIZE: Set buyPrice (from Double) = 30.0
[2026-09-14 23:37:25] DEBUG: ITEM DESERIALIZE: sell-price raw value = 6.0 (class=Double)
[2026-09-14 23:37:25] DEBUG: ITEM DESERIALIZE: Set sellPrice (from Double) = 6.0
[2026-09-14 23:37:25] DEBUG: LOAD: Item END_STONE_BRICKS at slot 31 type=SHOP buyPrice=30.0
[2026-09-14 23:37:25] DEBUG: REGISTER: Item END_STONE_BRICKS has sell-price 6.0, hasPotion=false
[2026-09-14 23:37:25] DEBUG: Registering END_STONE_BRICKS as sellable under key: END_STONE_BRICKS
[2026-09-14 23:37:25] DEBUG: ITEM DESERIALIZE: Loading from config at slot 32 in Blocks
[2026-09-14 23:37:25] DEBUG: ITEM DESERIALIZE: Raw config data = {type=SHOP, id=PURPUR_BLOCK, buy-price=25.0, sell-price=5.0}
[2026-09-14 23:37:25] DEBUG: ITEM DESERIALIZE: buy-price raw value = 25.0 (class=Double)
[2026-09-14 23:37:25] DEBUG: ITEM DESERIALIZE: Set buyPrice (from Double) = 25.0
[2026-09-14 23:37:25] DEBUG: ITEM DESERIALIZE: sell-price raw value = 5.0 (class=Double)
[2026-09-14 23:37:25] DEBUG: ITEM DESERIALIZE: Set sellPrice (from Double) = 5.0
[2026-09-14 23:37:25] DEBUG: LOAD: Item PURPUR_BLOCK at slot 32 type=SHOP buyPrice=25.0
[2026-09-14 23:37:25] DEBUG: REGISTER: Item PURPUR_BLOCK has sell-price 5.0, hasPotion=false
[2026-09-14 23:37:25] DEBUG: Registering PURPUR_BLOCK as sellable under key: PURPUR_BLOCK
[2026-09-14 23:37:25] DEBUG: ITEM DESERIALIZE: Loading from config at slot 33 in Blocks
[2026-09-14 23:37:25] DEBUG: ITEM DESERIALIZE: Raw config data = {type=SHOP, id=PURPUR_PILLAR, buy-price=30.0, sell-price=6.0}
[2026-09-14 23:37:25] DEBUG: ITEM DESERIALIZE: buy-price raw value = 30.0 (class=Double)
[2026-09-14 23:37:25] DEBUG: ITEM DESERIALIZE: Set buyPrice (from Double) = 30.0
[2026-09-14 23:37:25] DEBUG: ITEM DESERIALIZE: sell-price raw value = 6.0 (class=Double)
[2026-09-14 23:37:25] DEBUG: ITEM DESERIALIZE: Set sellPrice (from Double) = 6.0
[2026-09-14 23:37:25] DEBUG: LOAD: Item PURPUR_PILLAR at slot 33 type=SHOP buyPrice=30.0
[2026-09-14 23:37:25] DEBUG: REGISTER: Item PURPUR_PILLAR has sell-price 6.0, hasPotion=false
[2026-09-14 23:37:25] DEBUG: Registering PURPUR_PILLAR as sellable under key: PURPUR_PILLAR
[2026-09-14 23:37:25] DEBUG: ITEM DESERIALIZE: Loading from config at slot 34 in Blocks
[2026-09-14 23:37:25] DEBUG: ITEM DESERIALIZE: Raw config data = {type=SHOP, id=PRISMARINE, buy-price=15.0, sell-price=3.0}
[2026-09-14 23:37:25] DEBUG: ITEM DESERIALIZE: buy-price raw value = 15.0 (class=Double)
[2026-09-14 23:37:25] DEBUG: ITEM DESERIALIZE: Set buyPrice (from Double) = 15.0
[2026-09-14 23:37:25] DEBUG: ITEM DESERIALIZE: sell-price raw value = 3.0 (class=Double)
[2026-09-14 23:37:25] DEBUG: ITEM DESERIALIZE: Set sellPrice (from Double) = 3.0
[2026-09-14 23:37:25] DEBUG: LOAD: Item PRISMARINE at slot 34 type=SHOP buyPrice=15.0
[2026-09-14 23:37:25] DEBUG: REGISTER: Item PRISMARINE has sell-price 3.0, hasPotion=false
[2026-09-14 23:37:25] DEBUG: Registering PRISMARINE as sellable under key: PRISMARINE
[2026-09-14 23:37:25] DEBUG: ITEM DESERIALIZE: Loading from config at slot 48 in Blocks
[2026-09-14 23:37:25] DEBUG: ITEM DESERIALIZE: Raw config data = {type=PAGE_LEFT, id=ARROW, name=&7Previous Page, lore=[&eClick to go back, &8[Editor: Shift+click to navigate]]}
[2026-09-14 23:37:25] DEBUG: LOAD: Item ARROW at slot 48 type=PAGE_LEFT buyPrice=none
[2026-09-14 23:37:25] DEBUG: SKIP REGISTER: Item ARROW has no sell-price
[2026-09-14 23:37:25] DEBUG: ITEM DESERIALIZE: Loading from config at slot 49 in Blocks
[2026-09-14 23:37:25] DEBUG: ITEM DESERIALIZE: Raw config data = {type=PAGE_STATUS, id=NETHER_STAR, name=&fPage %page% of %maxpage%}
[2026-09-14 23:37:25] DEBUG: LOAD: Item NETHER_STAR at slot 49 type=PAGE_STATUS buyPrice=none
[2026-09-14 23:37:25] DEBUG: SKIP REGISTER: Item NETHER_STAR has no sell-price
[2026-09-14 23:37:25] DEBUG: ITEM DESERIALIZE: Loading from config at slot 50 in Blocks
[2026-09-14 23:37:25] DEBUG: ITEM DESERIALIZE: Raw config data = {type=PAGE_RIGHT, id=ARROW, name=&7Next Page, lore=[&eClick to continue, &8[Editor: Shift+click to navigate]]}
[2026-09-14 23:37:25] DEBUG: LOAD: Item ARROW at slot 50 type=PAGE_RIGHT buyPrice=none
[2026-09-14 23:37:25] DEBUG: SKIP REGISTER: Item ARROW has no sell-price
[2026-09-14 23:37:25] DEBUG: ITEM DESERIALIZE: Loading from config at slot 53 in Blocks
[2026-09-14 23:37:25] DEBUG: ITEM DESERIALIZE: Raw config data = {type=BACK, id=RED_STAINED_GLASS_PANE, name=&c&lBack to Menu, lore=[&7Click to return to menu]}
[2026-09-14 23:37:25] DEBUG: LOAD: Item RED_STAINED_GLASS_PANE at slot 53 type=BACK buyPrice=none
[2026-09-14 23:37:25] DEBUG: SKIP REGISTER: Item RED_STAINED_GLASS_PANE has no sell-price
[2026-09-14 23:37:25] DEBUG: Loaded Page2 with 25 items.
[2026-09-14 23:37:25] DEBUG: Shop 'Blocks' > Page3 configured with 6 rows
[2026-09-14 23:37:25] DEBUG: ITEM DESERIALIZE: Loading from config at slot 10 in Blocks
[2026-09-14 23:37:25] DEBUG: ITEM DESERIALIZE: Raw config data = {type=SHOP, id=QUARTZ_BLOCK, buy-price=20.0, sell-price=5.0}
[2026-09-14 23:37:25] DEBUG: ITEM DESERIALIZE: buy-price raw value = 20.0 (class=Double)
[2026-09-14 23:37:25] DEBUG: ITEM DESERIALIZE: Set buyPrice (from Double) = 20.0
[2026-09-14 23:37:25] DEBUG: ITEM DESERIALIZE: sell-price raw value = 5.0 (class=Double)
[2026-09-14 23:37:25] DEBUG: ITEM DESERIALIZE: Set sellPrice (from Double) = 5.0
[2026-09-14 23:37:25] DEBUG: LOAD: Item QUARTZ_BLOCK at slot 10 type=SHOP buyPrice=20.0
[2026-09-14 23:37:25] DEBUG: REGISTER: Item QUARTZ_BLOCK has sell-price 5.0, hasPotion=false
[2026-09-14 23:37:25] DEBUG: Registering QUARTZ_BLOCK as sellable under key: QUARTZ_BLOCK
[2026-09-14 23:37:25] DEBUG: ITEM DESERIALIZE: Loading from config at slot 11 in Blocks
[2026-09-14 23:37:25] DEBUG: ITEM DESERIALIZE: Raw config data = {type=SHOP, id=QUARTZ_BRICKS, buy-price=22.0, sell-price=5.5}
[2026-09-14 23:37:25] DEBUG: ITEM DESERIALIZE: buy-price raw value = 22.0 (class=Double)
[2026-09-14 23:37:25] DEBUG: ITEM DESERIALIZE: Set buyPrice (from Double) = 22.0
[2026-09-14 23:37:25] DEBUG: ITEM DESERIALIZE: sell-price raw value = 5.5 (class=Double)
[2026-09-14 23:37:25] DEBUG: ITEM DESERIALIZE: Set sellPrice (from Double) = 5.5
[2026-09-14 23:37:25] DEBUG: LOAD: Item QUARTZ_BRICKS at slot 11 type=SHOP buyPrice=22.0
[2026-09-14 23:37:25] DEBUG: REGISTER: Item QUARTZ_BRICKS has sell-price 5.5, hasPotion=false
[2026-09-14 23:37:25] DEBUG: Registering QUARTZ_BRICKS as sellable under key: QUARTZ_BRICKS
[2026-09-14 23:37:25] DEBUG: ITEM DESERIALIZE: Loading from config at slot 12 in Blocks
[2026-09-14 23:37:25] DEBUG: ITEM DESERIALIZE: Raw config data = {type=SHOP, id=QUARTZ_PILLAR, buy-price=22.0, sell-price=5.5}
[2026-09-14 23:37:25] DEBUG: ITEM DESERIALIZE: buy-price raw value = 22.0 (class=Double)
[2026-09-14 23:37:25] DEBUG: ITEM DESERIALIZE: Set buyPrice (from Double) = 22.0
[2026-09-14 23:37:25] DEBUG: ITEM DESERIALIZE: sell-price raw value = 5.5 (class=Double)
[2026-09-14 23:37:25] DEBUG: ITEM DESERIALIZE: Set sellPrice (from Double) = 5.5
[2026-09-14 23:37:25] DEBUG: LOAD: Item QUARTZ_PILLAR at slot 12 type=SHOP buyPrice=22.0
[2026-09-14 23:37:25] DEBUG: REGISTER: Item QUARTZ_PILLAR has sell-price 5.5, hasPotion=false
[2026-09-14 23:37:25] DEBUG: Registering QUARTZ_PILLAR as sellable under key: QUARTZ_PILLAR
[2026-09-14 23:37:25] DEBUG: ITEM DESERIALIZE: Loading from config at slot 13 in Blocks
[2026-09-14 23:37:25] DEBUG: ITEM DESERIALIZE: Raw config data = {type=SHOP, id=SMOOTH_QUARTZ, buy-price=22.0, sell-price=5.5}
[2026-09-14 23:37:25] DEBUG: ITEM DESERIALIZE: buy-price raw value = 22.0 (class=Double)
[2026-09-14 23:37:25] DEBUG: ITEM DESERIALIZE: Set buyPrice (from Double) = 22.0
[2026-09-14 23:37:25] DEBUG: ITEM DESERIALIZE: sell-price raw value = 5.5 (class=Double)
[2026-09-14 23:37:25] DEBUG: ITEM DESERIALIZE: Set sellPrice (from Double) = 5.5
[2026-09-14 23:37:25] DEBUG: LOAD: Item SMOOTH_QUARTZ at slot 13 type=SHOP buyPrice=22.0
[2026-09-14 23:37:25] DEBUG: REGISTER: Item SMOOTH_QUARTZ has sell-price 5.5, hasPotion=false
[2026-09-14 23:37:25] DEBUG: Registering SMOOTH_QUARTZ as sellable under key: SMOOTH_QUARTZ
[2026-09-14 23:37:25] DEBUG: ITEM DESERIALIZE: Loading from config at slot 14 in Blocks
[2026-09-14 23:37:25] DEBUG: ITEM DESERIALIZE: Raw config data = {type=SHOP, id=DARK_PRISMARINE, buy-price=20.0, sell-price=4.0}
[2026-09-14 23:37:25] DEBUG: ITEM DESERIALIZE: buy-price raw value = 20.0 (class=Double)
[2026-09-14 23:37:25] DEBUG: ITEM DESERIALIZE: Set buyPrice (from Double) = 20.0
[2026-09-14 23:37:25] DEBUG: ITEM DESERIALIZE: sell-price raw value = 4.0 (class=Double)
[2026-09-14 23:37:25] DEBUG: ITEM DESERIALIZE: Set sellPrice (from Double) = 4.0
[2026-09-14 23:37:25] DEBUG: LOAD: Item DARK_PRISMARINE at slot 14 type=SHOP buyPrice=20.0
[2026-09-14 23:37:25] DEBUG: REGISTER: Item DARK_PRISMARINE has sell-price 4.0, hasPotion=false
[2026-09-14 23:37:25] DEBUG: Registering DARK_PRISMARINE as sellable under key: DARK_PRISMARINE
[2026-09-14 23:37:25] DEBUG: ITEM DESERIALIZE: Loading from config at slot 15 in Blocks
[2026-09-14 23:37:25] DEBUG: ITEM DESERIALIZE: Raw config data = {type=SHOP, id=PRISMARINE_BRICKS, buy-price=18.0, sell-price=3.5}
[2026-09-14 23:37:25] DEBUG: ITEM DESERIALIZE: buy-price raw value = 18.0 (class=Double)
[2026-09-14 23:37:25] DEBUG: ITEM DESERIALIZE: Set buyPrice (from Double) = 18.0
[2026-09-14 23:37:25] DEBUG: ITEM DESERIALIZE: sell-price raw value = 3.5 (class=Double)
[2026-09-14 23:37:25] DEBUG: ITEM DESERIALIZE: Set sellPrice (from Double) = 3.5
[2026-09-14 23:37:25] DEBUG: LOAD: Item PRISMARINE_BRICKS at slot 15 type=SHOP buyPrice=18.0
[2026-09-14 23:37:25] DEBUG: REGISTER: Item PRISMARINE_BRICKS has sell-price 3.5, hasPotion=false
[2026-09-14 23:37:25] DEBUG: Registering PRISMARINE_BRICKS as sellable under key: PRISMARINE_BRICKS
[2026-09-14 23:37:25] DEBUG: ITEM DESERIALIZE: Loading from config at slot 16 in Blocks
[2026-09-14 23:37:25] DEBUG: ITEM DESERIALIZE: Raw config data = {type=SHOP, id=SPONGE, buy-price=200.0, sell-price=50.0}
[2026-09-14 23:37:25] DEBUG: ITEM DESERIALIZE: buy-price raw value = 200.0 (class=Double)
[2026-09-14 23:37:25] DEBUG: ITEM DESERIALIZE: Set buyPrice (from Double) = 200.0
[2026-09-14 23:37:25] DEBUG: ITEM DESERIALIZE: sell-price raw value = 50.0 (class=Double)
[2026-09-14 23:37:25] DEBUG: ITEM DESERIALIZE: Set sellPrice (from Double) = 50.0
[2026-09-14 23:37:25] DEBUG: LOAD: Item SPONGE at slot 16 type=SHOP buyPrice=200.0
[2026-09-14 23:37:25] DEBUG: REGISTER: Item SPONGE has sell-price 50.0, hasPotion=false
[2026-09-14 23:37:25] DEBUG: Registering SPONGE as sellable under key: SPONGE
[2026-09-14 23:37:25] DEBUG: ITEM DESERIALIZE: Loading from config at slot 19 in Blocks
[2026-09-14 23:37:25] DEBUG: ITEM DESERIALIZE: Raw config data = {type=SHOP, id=COPPER_BLOCK, buy-price=50.0, sell-price=10.0}
[2026-09-14 23:37:25] DEBUG: ITEM DESERIALIZE: buy-price raw value = 50.0 (class=Double)
[2026-09-14 23:37:25] DEBUG: ITEM DESERIALIZE: Set buyPrice (from Double) = 50.0
[2026-09-14 23:37:25] DEBUG: ITEM DESERIALIZE: sell-price raw value = 10.0 (class=Double)
[2026-09-14 23:37:25] DEBUG: ITEM DESERIALIZE: Set sellPrice (from Double) = 10.0
[2026-09-14 23:37:25] DEBUG: LOAD: Item COPPER_BLOCK at slot 19 type=SHOP buyPrice=50.0
[2026-09-14 23:37:25] DEBUG: REGISTER: Item COPPER_BLOCK has sell-price 10.0, hasPotion=false
[2026-09-14 23:37:25] DEBUG: Registering COPPER_BLOCK as sellable under key: COPPER_BLOCK
[2026-09-14 23:37:25] DEBUG: ITEM DESERIALIZE: Loading from config at slot 20 in Blocks
[2026-09-14 23:37:25] DEBUG: ITEM DESERIALIZE: Raw config data = {type=SHOP, id=CUT_COPPER, buy-price=55.0, sell-price=11.0}
[2026-09-14 23:37:25] DEBUG: ITEM DESERIALIZE: buy-price raw value = 55.0 (class=Double)
[2026-09-14 23:37:25] DEBUG: ITEM DESERIALIZE: Set buyPrice (from Double) = 55.0
[2026-09-14 23:37:25] DEBUG: ITEM DESERIALIZE: sell-price raw value = 11.0 (class=Double)
[2026-09-14 23:37:25] DEBUG: ITEM DESERIALIZE: Set sellPrice (from Double) = 11.0
[2026-09-14 23:37:25] DEBUG: LOAD: Item CUT_COPPER at slot 20 type=SHOP buyPrice=55.0
[2026-09-14 23:37:25] DEBUG: REGISTER: Item CUT_COPPER has sell-price 11.0, hasPotion=false
[2026-09-14 23:37:25] DEBUG: Registering CUT_COPPER as sellable under key: CUT_COPPER
[2026-09-14 23:37:25] DEBUG: ITEM DESERIALIZE: Loading from config at slot 21 in Blocks
[2026-09-14 23:37:25] DEBUG: ITEM DESERIALIZE: Raw config data = {type=SHOP, id=OXIDIZED_COPPER, buy-price=60.0, sell-price=12.0}
[2026-09-14 23:37:25] DEBUG: ITEM DESERIALIZE: buy-price raw value = 60.0 (class=Double)
[2026-09-14 23:37:25] DEBUG: ITEM DESERIALIZE: Set buyPrice (from Double) = 60.0
[2026-09-14 23:37:25] DEBUG: ITEM DESERIALIZE: sell-price raw value = 12.0 (class=Double)
[2026-09-14 23:37:25] DEBUG: ITEM DESERIALIZE: Set sellPrice (from Double) = 12.0
[2026-09-14 23:37:25] DEBUG: LOAD: Item OXIDIZED_COPPER at slot 21 type=SHOP buyPrice=60.0
[2026-09-14 23:37:25] DEBUG: REGISTER: Item OXIDIZED_COPPER has sell-price 12.0, hasPotion=false
[2026-09-14 23:37:25] DEBUG: Registering OXIDIZED_COPPER as sellable under key: OXIDIZED_COPPER
[2026-09-14 23:37:25] DEBUG: ITEM DESERIALIZE: Loading from config at slot 22 in Blocks
[2026-09-14 23:37:25] DEBUG: ITEM DESERIALIZE: Raw config data = {type=SHOP, id=WAXED_COPPER_BLOCK, buy-price=55.0, sell-price=11.0}
[2026-09-14 23:37:25] DEBUG: ITEM DESERIALIZE: buy-price raw value = 55.0 (class=Double)
[2026-09-14 23:37:25] DEBUG: ITEM DESERIALIZE: Set buyPrice (from Double) = 55.0
[2026-09-14 23:37:25] DEBUG: ITEM DESERIALIZE: sell-price raw value = 11.0 (class=Double)
[2026-09-14 23:37:25] DEBUG: ITEM DESERIALIZE: Set sellPrice (from Double) = 11.0
[2026-09-14 23:37:25] DEBUG: LOAD: Item WAXED_COPPER_BLOCK at slot 22 type=SHOP buyPrice=55.0
[2026-09-14 23:37:25] DEBUG: REGISTER: Item WAXED_COPPER_BLOCK has sell-price 11.0, hasPotion=false
[2026-09-14 23:37:25] DEBUG: Registering WAXED_COPPER_BLOCK as sellable under key: WAXED_COPPER_BLOCK
[2026-09-14 23:37:25] DEBUG: ITEM DESERIALIZE: Loading from config at slot 23 in Blocks
[2026-09-14 23:37:25] DEBUG: ITEM DESERIALIZE: Raw config data = {type=SHOP, id=AMETHYST_BLOCK, buy-price=100.0, sell-price=20.0}
[2026-09-14 23:37:25] DEBUG: ITEM DESERIALIZE: buy-price raw value = 100.0 (class=Double)
[2026-09-14 23:37:25] DEBUG: ITEM DESERIALIZE: Set buyPrice (from Double) = 100.0
[2026-09-14 23:37:25] DEBUG: ITEM DESERIALIZE: sell-price raw value = 20.0 (class=Double)
[2026-09-14 23:37:25] DEBUG: ITEM DESERIALIZE: Set sellPrice (from Double) = 20.0
[2026-09-14 23:37:25] DEBUG: LOAD: Item AMETHYST_BLOCK at slot 23 type=SHOP buyPrice=100.0
[2026-09-14 23:37:25] DEBUG: REGISTER: Item AMETHYST_BLOCK has sell-price 20.0, hasPotion=false
[2026-09-14 23:37:25] DEBUG: Registering AMETHYST_BLOCK as sellable under key: AMETHYST_BLOCK
[2026-09-14 23:37:25] DEBUG: ITEM DESERIALIZE: Loading from config at slot 24 in Blocks
[2026-09-14 23:37:25] DEBUG: ITEM DESERIALIZE: Raw config data = {type=SHOP, id=BUDDING_AMETHYST, buy-price=500.0, sell-price=100.0}
[2026-09-14 23:37:25] DEBUG: ITEM DESERIALIZE: buy-price raw value = 500.0 (class=Double)
[2026-09-14 23:37:25] DEBUG: ITEM DESERIALIZE: Set buyPrice (from Double) = 500.0
[2026-09-14 23:37:25] DEBUG: ITEM DESERIALIZE: sell-price raw value = 100.0 (class=Double)
[2026-09-14 23:37:25] DEBUG: ITEM DESERIALIZE: Set sellPrice (from Double) = 100.0
[2026-09-14 23:37:25] DEBUG: LOAD: Item BUDDING_AMETHYST at slot 24 type=SHOP buyPrice=500.0
[2026-09-14 23:37:25] DEBUG: REGISTER: Item BUDDING_AMETHYST has sell-price 100.0, hasPotion=false
[2026-09-14 23:37:25] DEBUG: Registering BUDDING_AMETHYST as sellable under key: BUDDING_AMETHYST
[2026-09-14 23:37:25] DEBUG: ITEM DESERIALIZE: Loading from config at slot 25 in Blocks
[2026-09-14 23:37:25] DEBUG: ITEM DESERIALIZE: Raw config data = {type=SHOP, id=CALCITE, buy-price=15.0, sell-price=3.0}
[2026-09-14 23:37:25] DEBUG: ITEM DESERIALIZE: buy-price raw value = 15.0 (class=Double)
[2026-09-14 23:37:25] DEBUG: ITEM DESERIALIZE: Set buyPrice (from Double) = 15.0
[2026-09-14 23:37:25] DEBUG: ITEM DESERIALIZE: sell-price raw value = 3.0 (class=Double)
[2026-09-14 23:37:25] DEBUG: ITEM DESERIALIZE: Set sellPrice (from Double) = 3.0
[2026-09-14 23:37:25] DEBUG: LOAD: Item CALCITE at slot 25 type=SHOP buyPrice=15.0
[2026-09-14 23:37:25] DEBUG: REGISTER: Item CALCITE has sell-price 3.0, hasPotion=false
[2026-09-14 23:37:25] DEBUG: Registering CALCITE as sellable under key: CALCITE
[2026-09-14 23:37:25] DEBUG: ITEM DESERIALIZE: Loading from config at slot 28 in Blocks
[2026-09-14 23:37:25] DEBUG: ITEM DESERIALIZE: Raw config data = {type=SHOP, id=TUFF, buy-price=8.0, sell-price=2.0}
[2026-09-14 23:37:25] DEBUG: ITEM DESERIALIZE: buy-price raw value = 8.0 (class=Double)
[2026-09-14 23:37:25] DEBUG: ITEM DESERIALIZE: Set buyPrice (from Double) = 8.0
[2026-09-14 23:37:25] DEBUG: ITEM DESERIALIZE: sell-price raw value = 2.0 (class=Double)
[2026-09-14 23:37:25] DEBUG: ITEM DESERIALIZE: Set sellPrice (from Double) = 2.0
[2026-09-14 23:37:25] DEBUG: LOAD: Item TUFF at slot 28 type=SHOP buyPrice=8.0
[2026-09-14 23:37:25] DEBUG: REGISTER: Item TUFF has sell-price 2.0, hasPotion=false
[2026-09-14 23:37:25] DEBUG: Registering TUFF as sellable under key: TUFF
[2026-09-14 23:37:25] DEBUG: ITEM DESERIALIZE: Loading from config at slot 29 in Blocks
[2026-09-14 23:37:25] DEBUG: ITEM DESERIALIZE: Raw config data = {type=SHOP, id=DRIPSTONE_BLOCK, buy-price=10.0, sell-price=2.0}
[2026-09-14 23:37:25] DEBUG: ITEM DESERIALIZE: buy-price raw value = 10.0 (class=Double)
[2026-09-14 23:37:25] DEBUG: ITEM DESERIALIZE: Set buyPrice (from Double) = 10.0
[2026-09-14 23:37:25] DEBUG: ITEM DESERIALIZE: sell-price raw value = 2.0 (class=Double)
[2026-09-14 23:37:25] DEBUG: ITEM DESERIALIZE: Set sellPrice (from Double) = 2.0
[2026-09-14 23:37:25] DEBUG: LOAD: Item DRIPSTONE_BLOCK at slot 29 type=SHOP buyPrice=10.0
[2026-09-14 23:37:25] DEBUG: REGISTER: Item DRIPSTONE_BLOCK has sell-price 2.0, hasPotion=false
[2026-09-14 23:37:25] DEBUG: Registering DRIPSTONE_BLOCK as sellable under key: DRIPSTONE_BLOCK
[2026-09-14 23:37:25] DEBUG: ITEM DESERIALIZE: Loading from config at slot 30 in Blocks
[2026-09-14 23:37:25] DEBUG: ITEM DESERIALIZE: Raw config data = {type=SHOP, id=MOSS_BLOCK, buy-price=15.0, sell-price=3.0}
[2026-09-14 23:37:25] DEBUG: ITEM DESERIALIZE: buy-price raw value = 15.0 (class=Double)
[2026-09-14 23:37:25] DEBUG: ITEM DESERIALIZE: Set buyPrice (from Double) = 15.0
[2026-09-14 23:37:25] DEBUG: ITEM DESERIALIZE: sell-price raw value = 3.0 (class=Double)
[2026-09-14 23:37:25] DEBUG: ITEM DESERIALIZE: Set sellPrice (from Double) = 3.0
[2026-09-14 23:37:25] DEBUG: LOAD: Item MOSS_BLOCK at slot 30 type=SHOP buyPrice=15.0
[2026-09-14 23:37:25] DEBUG: REGISTER: Item MOSS_BLOCK has sell-price 3.0, hasPotion=false
[2026-09-14 23:37:25] DEBUG: Registering MOSS_BLOCK as sellable under key: MOSS_BLOCK
[2026-09-14 23:37:25] DEBUG: ITEM DESERIALIZE: Loading from config at slot 31 in Blocks
[2026-09-14 23:37:25] DEBUG: ITEM DESERIALIZE: Raw config data = {type=SHOP, id=ROOTED_DIRT, buy-price=8.0, sell-price=2.0}
[2026-09-14 23:37:25] DEBUG: ITEM DESERIALIZE: buy-price raw value = 8.0 (class=Double)
[2026-09-14 23:37:25] DEBUG: ITEM DESERIALIZE: Set buyPrice (from Double) = 8.0
[2026-09-14 23:37:25] DEBUG: ITEM DESERIALIZE: sell-price raw value = 2.0 (class=Double)
[2026-09-14 23:37:25] DEBUG: ITEM DESERIALIZE: Set sellPrice (from Double) = 2.0
[2026-09-14 23:37:25] DEBUG: LOAD: Item ROOTED_DIRT at slot 31 type=SHOP buyPrice=8.0
[2026-09-14 23:37:25] DEBUG: REGISTER: Item ROOTED_DIRT has sell-price 2.0, hasPotion=false
[2026-09-14 23:37:25] DEBUG: Registering ROOTED_DIRT as sellable under key: ROOTED_DIRT
[2026-09-14 23:37:25] DEBUG: ITEM DESERIALIZE: Loading from config at slot 32 in Blocks
[2026-09-14 23:37:25] DEBUG: ITEM DESERIALIZE: Raw config data = {type=SHOP, id=PACKED_ICE, buy-price=25.0, sell-price=5.0}
[2026-09-14 23:37:25] DEBUG: ITEM DESERIALIZE: buy-price raw value = 25.0 (class=Double)
[2026-09-14 23:37:25] DEBUG: ITEM DESERIALIZE: Set buyPrice (from Double) = 25.0
[2026-09-14 23:37:25] DEBUG: ITEM DESERIALIZE: sell-price raw value = 5.0 (class=Double)
[2026-09-14 23:37:25] DEBUG: ITEM DESERIALIZE: Set sellPrice (from Double) = 5.0
[2026-09-14 23:37:25] DEBUG: LOAD: Item PACKED_ICE at slot 32 type=SHOP buyPrice=25.0
[2026-09-14 23:37:25] DEBUG: REGISTER: Item PACKED_ICE has sell-price 5.0, hasPotion=false
[2026-09-14 23:37:25] DEBUG: Registering PACKED_ICE as sellable under key: PACKED_ICE
[2026-09-14 23:37:25] DEBUG: ITEM DESERIALIZE: Loading from config at slot 33 in Blocks
[2026-09-14 23:37:25] DEBUG: ITEM DESERIALIZE: Raw config data = {type=SHOP, id=BLUE_ICE, buy-price=50.0, sell-price=10.0}
[2026-09-14 23:37:25] DEBUG: ITEM DESERIALIZE: buy-price raw value = 50.0 (class=Double)
[2026-09-14 23:37:25] DEBUG: ITEM DESERIALIZE: Set buyPrice (from Double) = 50.0
[2026-09-14 23:37:25] DEBUG: ITEM DESERIALIZE: sell-price raw value = 10.0 (class=Double)
[2026-09-14 23:37:25] DEBUG: ITEM DESERIALIZE: Set sellPrice (from Double) = 10.0
[2026-09-14 23:37:25] DEBUG: LOAD: Item BLUE_ICE at slot 33 type=SHOP buyPrice=50.0
[2026-09-14 23:37:25] DEBUG: REGISTER: Item BLUE_ICE has sell-price 10.0, hasPotion=false
[2026-09-14 23:37:25] DEBUG: Registering BLUE_ICE as sellable under key: BLUE_ICE
[2026-09-14 23:37:25] DEBUG: ITEM DESERIALIZE: Loading from config at slot 34 in Blocks
[2026-09-14 23:37:25] DEBUG: ITEM DESERIALIZE: Raw config data = {type=SHOP, id=SNOW_BLOCK, buy-price=10.0, sell-price=2.0}
[2026-09-14 23:37:25] DEBUG: ITEM DESERIALIZE: buy-price raw value = 10.0 (class=Double)
[2026-09-14 23:37:25] DEBUG: ITEM DESERIALIZE: Set buyPrice (from Double) = 10.0
[2026-09-14 23:37:25] DEBUG: ITEM DESERIALIZE: sell-price raw value = 2.0 (class=Double)
[2026-09-14 23:37:25] DEBUG: ITEM DESERIALIZE: Set sellPrice (from Double) = 2.0
[2026-09-14 23:37:25] DEBUG: LOAD: Item SNOW_BLOCK at slot 34 type=SHOP buyPrice=10.0
[2026-09-14 23:37:25] DEBUG: REGISTER: Item SNOW_BLOCK has sell-price 2.0, hasPotion=false
[2026-09-14 23:37:25] DEBUG: Registering SNOW_BLOCK as sellable under key: SNOW_BLOCK
[2026-09-14 23:37:25] DEBUG: ITEM DESERIALIZE: Loading from config at slot 48 in Blocks
[2026-09-14 23:37:25] DEBUG: ITEM DESERIALIZE: Raw config data = {type=PAGE_LEFT, id=ARROW, name=&7Previous Page, lore=[&eClick to go back, &8[Editor: Shift+click to navigate]]}
[2026-09-14 23:37:25] DEBUG: LOAD: Item ARROW at slot 48 type=PAGE_LEFT buyPrice=none
[2026-09-14 23:37:25] DEBUG: SKIP REGISTER: Item ARROW has no sell-price
[2026-09-14 23:37:25] DEBUG: ITEM DESERIALIZE: Loading from config at slot 49 in Blocks
[2026-09-14 23:37:25] DEBUG: ITEM DESERIALIZE: Raw config data = {type=PAGE_STATUS, id=NETHER_STAR, name=&fPage %page% of %maxpage%}
[2026-09-14 23:37:25] DEBUG: LOAD: Item NETHER_STAR at slot 49 type=PAGE_STATUS buyPrice=none
[2026-09-14 23:37:25] DEBUG: SKIP REGISTER: Item NETHER_STAR has no sell-price
[2026-09-14 23:37:25] DEBUG: ITEM DESERIALIZE: Loading from config at slot 50 in Blocks
[2026-09-14 23:37:25] DEBUG: ITEM DESERIALIZE: Raw config data = {type=PAGE_RIGHT, id=ARROW, name=&7Next Page, lore=[&eClick to continue, &8[Editor: Shift+click to navigate]]}
[2026-09-14 23:37:25] DEBUG: LOAD: Item ARROW at slot 50 type=PAGE_RIGHT buyPrice=none
[2026-09-14 23:37:25] DEBUG: SKIP REGISTER: Item ARROW has no sell-price
[2026-09-14 23:37:25] DEBUG: ITEM DESERIALIZE: Loading from config at slot 53 in Blocks
[2026-09-14 23:37:25] DEBUG: ITEM DESERIALIZE: Raw config data = {type=BACK, id=RED_STAINED_GLASS_PANE, name=&c&lBack to Menu, lore=[&7Click to return to menu]}
[2026-09-14 23:37:25] DEBUG: LOAD: Item RED_STAINED_GLASS_PANE at slot 53 type=BACK buyPrice=none
[2026-09-14 23:37:25] DEBUG: SKIP REGISTER: Item RED_STAINED_GLASS_PANE has no sell-price
[2026-09-14 23:37:25] DEBUG: Loaded Page3 with 25 items.
[2026-09-14 23:37:25] DEBUG: Highest slot for Page: Page0 is 53
[2026-09-14 23:37:25] DEBUG: Highest slot for Page: Page1 is 53
[2026-09-14 23:37:25] DEBUG: Highest slot for Page: Page2 is 53
[2026-09-14 23:37:25] DEBUG: Highest slot for Page: Page3 is 53
[2026-09-14 23:37:25] DEBUG: Shop 'Blocks' loaded successfully with 4 page(s).
[2026-09-14 23:37:25] DEBUG: Starting Warmup for Shop: Food
[2026-09-14 23:37:25] DEBUG: SHOP: Loading Food from config (not in cache)
[2026-09-14 23:37:25] DEBUG: Shop 'Food' configured with 6 rows
[2026-09-14 23:37:25] DEBUG: Loading items for shop: Food
[2026-09-14 23:37:25] DEBUG: ITEM DESERIALIZE: Loading from config at slot 10 in Food
[2026-09-14 23:37:25] DEBUG: ITEM DESERIALIZE: Raw config data = {type=SHOP, id=COOKED_BEEF, buy-price=15.0, sell-price=3.0}
[2026-09-14 23:37:25] DEBUG: ITEM DESERIALIZE: buy-price raw value = 15.0 (class=Double)
[2026-09-14 23:37:25] DEBUG: ITEM DESERIALIZE: Set buyPrice (from Double) = 15.0
[2026-09-14 23:37:25] DEBUG: ITEM DESERIALIZE: sell-price raw value = 3.0 (class=Double)
[2026-09-14 23:37:25] DEBUG: ITEM DESERIALIZE: Set sellPrice (from Double) = 3.0
[2026-09-14 23:37:25] DEBUG: LOAD: Item COOKED_BEEF at slot 10 type=SHOP buyPrice=15.0
[2026-09-14 23:37:25] DEBUG: REGISTER: Item COOKED_BEEF has sell-price 3.0, hasPotion=false
[2026-09-14 23:37:25] DEBUG: Registering COOKED_BEEF as sellable under key: COOKED_BEEF
[2026-09-14 23:37:25] DEBUG: ITEM DESERIALIZE: Loading from config at slot 11 in Food
[2026-09-14 23:37:25] DEBUG: ITEM DESERIALIZE: Raw config data = {type=SHOP, id=COOKED_PORKCHOP, buy-price=15.0, sell-price=3.0}
[2026-09-14 23:37:25] DEBUG: ITEM DESERIALIZE: buy-price raw value = 15.0 (class=Double)
[2026-09-14 23:37:25] DEBUG: ITEM DESERIALIZE: Set buyPrice (from Double) = 15.0
[2026-09-14 23:37:25] DEBUG: ITEM DESERIALIZE: sell-price raw value = 3.0 (class=Double)
[2026-09-14 23:37:25] DEBUG: ITEM DESERIALIZE: Set sellPrice (from Double) = 3.0
[2026-09-14 23:37:25] DEBUG: LOAD: Item COOKED_PORKCHOP at slot 11 type=SHOP buyPrice=15.0
[2026-09-14 23:37:25] DEBUG: REGISTER: Item COOKED_PORKCHOP has sell-price 3.0, hasPotion=false
[2026-09-14 23:37:25] DEBUG: Registering COOKED_PORKCHOP as sellable under key: COOKED_PORKCHOP
[2026-09-14 23:37:25] DEBUG: ITEM DESERIALIZE: Loading from config at slot 12 in Food
[2026-09-14 23:37:25] DEBUG: ITEM DESERIALIZE: Raw config data = {type=SHOP, id=COOKED_CHICKEN, buy-price=10.0, sell-price=2.0}
[2026-09-14 23:37:25] DEBUG: ITEM DESERIALIZE: buy-price raw value = 10.0 (class=Double)
[2026-09-14 23:37:25] DEBUG: ITEM DESERIALIZE: Set buyPrice (from Double) = 10.0
[2026-09-14 23:37:25] DEBUG: ITEM DESERIALIZE: sell-price raw value = 2.0 (class=Double)
[2026-09-14 23:37:25] DEBUG: ITEM DESERIALIZE: Set sellPrice (from Double) = 2.0
[2026-09-14 23:37:25] DEBUG: LOAD: Item COOKED_CHICKEN at slot 12 type=SHOP buyPrice=10.0
[2026-09-14 23:37:25] DEBUG: REGISTER: Item COOKED_CHICKEN has sell-price 2.0, hasPotion=false
[2026-09-14 23:37:25] DEBUG: Registering COOKED_CHICKEN as sellable under key: COOKED_CHICKEN
[2026-09-14 23:37:25] DEBUG: ITEM DESERIALIZE: Loading from config at slot 13 in Food
[2026-09-14 23:37:25] DEBUG: ITEM DESERIALIZE: Raw config data = {type=SHOP, id=COOKED_MUTTON, buy-price=12.0, sell-price=2.5}
[2026-09-14 23:37:25] DEBUG: ITEM DESERIALIZE: buy-price raw value = 12.0 (class=Double)
[2026-09-14 23:37:25] DEBUG: ITEM DESERIALIZE: Set buyPrice (from Double) = 12.0
[2026-09-14 23:37:25] DEBUG: ITEM DESERIALIZE: sell-price raw value = 2.5 (class=Double)
[2026-09-14 23:37:25] DEBUG: ITEM DESERIALIZE: Set sellPrice (from Double) = 2.5
[2026-09-14 23:37:25] DEBUG: LOAD: Item COOKED_MUTTON at slot 13 type=SHOP buyPrice=12.0
[2026-09-14 23:37:25] DEBUG: REGISTER: Item COOKED_MUTTON has sell-price 2.5, hasPotion=false
[2026-09-14 23:37:25] DEBUG: Registering COOKED_MUTTON as sellable under key: COOKED_MUTTON
[2026-09-14 23:37:25] DEBUG: ITEM DESERIALIZE: Loading from config at slot 14 in Food
[2026-09-14 23:37:25] DEBUG: ITEM DESERIALIZE: Raw config data = {type=SHOP, id=COOKED_RABBIT, buy-price=12.0, sell-price=2.5}
[2026-09-14 23:37:25] DEBUG: ITEM DESERIALIZE: buy-price raw value = 12.0 (class=Double)
[2026-09-14 23:37:25] DEBUG: ITEM DESERIALIZE: Set buyPrice (from Double) = 12.0
[2026-09-14 23:37:25] DEBUG: ITEM DESERIALIZE: sell-price raw value = 2.5 (class=Double)
[2026-09-14 23:37:25] DEBUG: ITEM DESERIALIZE: Set sellPrice (from Double) = 2.5
[2026-09-14 23:37:25] DEBUG: LOAD: Item COOKED_RABBIT at slot 14 type=SHOP buyPrice=12.0
[2026-09-14 23:37:25] DEBUG: REGISTER: Item COOKED_RABBIT has sell-price 2.5, hasPotion=false
[2026-09-14 23:37:25] DEBUG: Registering COOKED_RABBIT as sellable under key: COOKED_RABBIT
[2026-09-14 23:37:25] DEBUG: ITEM DESERIALIZE: Loading from config at slot 15 in Food
[2026-09-14 23:37:25] DEBUG: ITEM DESERIALIZE: Raw config data = {type=SHOP, id=COOKED_COD, buy-price=8.0, sell-price=1.5}
[2026-09-14 23:37:25] DEBUG: ITEM DESERIALIZE: buy-price raw value = 8.0 (class=Double)
[2026-09-14 23:37:25] DEBUG: ITEM DESERIALIZE: Set buyPrice (from Double) = 8.0
[2026-09-14 23:37:25] DEBUG: ITEM DESERIALIZE: sell-price raw value = 1.5 (class=Double)
[2026-09-14 23:37:25] DEBUG: ITEM DESERIALIZE: Set sellPrice (from Double) = 1.5
[2026-09-14 23:37:25] DEBUG: LOAD: Item COOKED_COD at slot 15 type=SHOP buyPrice=8.0
[2026-09-14 23:37:25] DEBUG: REGISTER: Item COOKED_COD has sell-price 1.5, hasPotion=false
[2026-09-14 23:37:25] DEBUG: Registering COOKED_COD as sellable under key: COOKED_COD
[2026-09-14 23:37:25] DEBUG: ITEM DESERIALIZE: Loading from config at slot 16 in Food
[2026-09-14 23:37:25] DEBUG: ITEM DESERIALIZE: Raw config data = {type=SHOP, id=COOKED_SALMON, buy-price=10.0, sell-price=2.0}
[2026-09-14 23:37:25] DEBUG: ITEM DESERIALIZE: buy-price raw value = 10.0 (class=Double)
[2026-09-14 23:37:25] DEBUG: ITEM DESERIALIZE: Set buyPrice (from Double) = 10.0
[2026-09-14 23:37:25] DEBUG: ITEM DESERIALIZE: sell-price raw value = 2.0 (class=Double)
[2026-09-14 23:37:25] DEBUG: ITEM DESERIALIZE: Set sellPrice (from Double) = 2.0
[2026-09-14 23:37:25] DEBUG: LOAD: Item COOKED_SALMON at slot 16 type=SHOP buyPrice=10.0
[2026-09-14 23:37:25] DEBUG: REGISTER: Item COOKED_SALMON has sell-price 2.0, hasPotion=false
[2026-09-14 23:37:25] DEBUG: Registering COOKED_SALMON as sellable under key: COOKED_SALMON
[2026-09-14 23:37:25] DEBUG: ITEM DESERIALIZE: Loading from config at slot 19 in Food
[2026-09-14 23:37:25] DEBUG: ITEM DESERIALIZE: Raw config data = {type=SHOP, id=BREAD, buy-price=8.0, sell-price=1.5}
[2026-09-14 23:37:25] DEBUG: ITEM DESERIALIZE: buy-price raw value = 8.0 (class=Double)
[2026-09-14 23:37:25] DEBUG: ITEM DESERIALIZE: Set buyPrice (from Double) = 8.0
[2026-09-14 23:37:25] DEBUG: ITEM DESERIALIZE: sell-price raw value = 1.5 (class=Double)
[2026-09-14 23:37:25] DEBUG: ITEM DESERIALIZE: Set sellPrice (from Double) = 1.5
[2026-09-14 23:37:25] DEBUG: LOAD: Item BREAD at slot 19 type=SHOP buyPrice=8.0
[2026-09-14 23:37:25] DEBUG: REGISTER: Item BREAD has sell-price 1.5, hasPotion=false
[2026-09-14 23:37:25] DEBUG: Registering BREAD as sellable under key: BREAD
[2026-09-14 23:37:25] DEBUG: ITEM DESERIALIZE: Loading from config at slot 20 in Food
[2026-09-14 23:37:25] DEBUG: ITEM DESERIALIZE: Raw config data = {type=SHOP, id=APPLE, buy-price=5.0, sell-price=1.0}
[2026-09-14 23:37:25] DEBUG: ITEM DESERIALIZE: buy-price raw value = 5.0 (class=Double)
[2026-09-14 23:37:25] DEBUG: ITEM DESERIALIZE: Set buyPrice (from Double) = 5.0
[2026-09-14 23:37:25] DEBUG: ITEM DESERIALIZE: sell-price raw value = 1.0 (class=Double)
[2026-09-14 23:37:25] DEBUG: ITEM DESERIALIZE: Set sellPrice (from Double) = 1.0
[2026-09-14 23:37:25] DEBUG: LOAD: Item APPLE at slot 20 type=SHOP buyPrice=5.0
[2026-09-14 23:37:25] DEBUG: REGISTER: Item APPLE has sell-price 1.0, hasPotion=false
[2026-09-14 23:37:25] DEBUG: Registering APPLE as sellable under key: APPLE
[2026-09-14 23:37:25] DEBUG: ITEM DESERIALIZE: Loading from config at slot 21 in Food
[2026-09-14 23:37:25] DEBUG: ITEM DESERIALIZE: Raw config data = {type=SHOP, id=GOLDEN_APPLE, buy-price=500.0, sell-price=100.0}
[2026-09-14 23:37:25] DEBUG: ITEM DESERIALIZE: buy-price raw value = 500.0 (class=Double)
[2026-09-14 23:37:25] DEBUG: ITEM DESERIALIZE: Set buyPrice (from Double) = 500.0
[2026-09-14 23:37:25] DEBUG: ITEM DESERIALIZE: sell-price raw value = 100.0 (class=Double)
[2026-09-14 23:37:25] DEBUG: ITEM DESERIALIZE: Set sellPrice (from Double) = 100.0
[2026-09-14 23:37:25] DEBUG: LOAD: Item GOLDEN_APPLE at slot 21 type=SHOP buyPrice=500.0
[2026-09-14 23:37:25] DEBUG: REGISTER: Item GOLDEN_APPLE has sell-price 100.0, hasPotion=false
[2026-09-14 23:37:25] DEBUG: Registering GOLDEN_APPLE as sellable under key: GOLDEN_APPLE
[2026-09-14 23:37:25] DEBUG: ITEM DESERIALIZE: Loading from config at slot 22 in Food
[2026-09-14 23:37:25] DEBUG: ITEM DESERIALIZE: Raw config data = {type=SHOP, id=ENCHANTED_GOLDEN_APPLE, buy-price=5000.0, sell-price=1000.0}
[2026-09-14 23:37:25] DEBUG: ITEM DESERIALIZE: buy-price raw value = 5000.0 (class=Double)
[2026-09-14 23:37:25] DEBUG: ITEM DESERIALIZE: Set buyPrice (from Double) = 5000.0
[2026-09-14 23:37:25] DEBUG: ITEM DESERIALIZE: sell-price raw value = 1000.0 (class=Double)
[2026-09-14 23:37:25] DEBUG: ITEM DESERIALIZE: Set sellPrice (from Double) = 1000.0
[2026-09-14 23:37:25] DEBUG: LOAD: Item ENCHANTED_GOLDEN_APPLE at slot 22 type=SHOP buyPrice=5000.0
[2026-09-14 23:37:25] DEBUG: REGISTER: Item ENCHANTED_GOLDEN_APPLE has sell-price 1000.0, hasPotion=false
[2026-09-14 23:37:25] DEBUG: Registering ENCHANTED_GOLDEN_APPLE as sellable under key: ENCHANTED_GOLDEN_APPLE
[2026-09-14 23:37:25] DEBUG: ITEM DESERIALIZE: Loading from config at slot 23 in Food
[2026-09-14 23:37:25] DEBUG: ITEM DESERIALIZE: Raw config data = {type=SHOP, id=GOLDEN_CARROT, buy-price=50.0, sell-price=10.0}
[2026-09-14 23:37:25] DEBUG: ITEM DESERIALIZE: buy-price raw value = 50.0 (class=Double)
[2026-09-14 23:37:25] DEBUG: ITEM DESERIALIZE: Set buyPrice (from Double) = 50.0
[2026-09-14 23:37:25] DEBUG: ITEM DESERIALIZE: sell-price raw value = 10.0 (class=Double)
[2026-09-14 23:37:25] DEBUG: ITEM DESERIALIZE: Set sellPrice (from Double) = 10.0
[2026-09-14 23:37:25] DEBUG: LOAD: Item GOLDEN_CARROT at slot 23 type=SHOP buyPrice=50.0
[2026-09-14 23:37:25] DEBUG: REGISTER: Item GOLDEN_CARROT has sell-price 10.0, hasPotion=false
[2026-09-14 23:37:25] DEBUG: Registering GOLDEN_CARROT as sellable under key: GOLDEN_CARROT
[2026-09-14 23:37:25] DEBUG: ITEM DESERIALIZE: Loading from config at slot 24 in Food
[2026-09-14 23:37:25] DEBUG: ITEM DESERIALIZE: Raw config data = {type=SHOP, id=PUMPKIN_PIE, buy-price=12.0, sell-price=2.5}
[2026-09-14 23:37:25] DEBUG: ITEM DESERIALIZE: buy-price raw value = 12.0 (class=Double)
[2026-09-14 23:37:25] DEBUG: ITEM DESERIALIZE: Set buyPrice (from Double) = 12.0
[2026-09-14 23:37:25] DEBUG: ITEM DESERIALIZE: sell-price raw value = 2.5 (class=Double)
[2026-09-14 23:37:25] DEBUG: ITEM DESERIALIZE: Set sellPrice (from Double) = 2.5
[2026-09-14 23:37:25] DEBUG: LOAD: Item PUMPKIN_PIE at slot 24 type=SHOP buyPrice=12.0
[2026-09-14 23:37:25] DEBUG: REGISTER: Item PUMPKIN_PIE has sell-price 2.5, hasPotion=false
[2026-09-14 23:37:25] DEBUG: Registering PUMPKIN_PIE as sellable under key: PUMPKIN_PIE
[2026-09-14 23:37:25] DEBUG: ITEM DESERIALIZE: Loading from config at slot 25 in Food
[2026-09-14 23:37:25] DEBUG: ITEM DESERIALIZE: Raw config data = {type=SHOP, id=CAKE, buy-price=25.0, sell-price=5.0}
[2026-09-14 23:37:25] DEBUG: ITEM DESERIALIZE: buy-price raw value = 25.0 (class=Double)
[2026-09-14 23:37:25] DEBUG: ITEM DESERIALIZE: Set buyPrice (from Double) = 25.0
[2026-09-14 23:37:25] DEBUG: ITEM DESERIALIZE: sell-price raw value = 5.0 (class=Double)
[2026-09-14 23:37:25] DEBUG: ITEM DESERIALIZE: Set sellPrice (from Double) = 5.0
[2026-09-14 23:37:25] DEBUG: LOAD: Item CAKE at slot 25 type=SHOP buyPrice=25.0
[2026-09-14 23:37:25] DEBUG: REGISTER: Item CAKE has sell-price 5.0, hasPotion=false
[2026-09-14 23:37:25] DEBUG: Registering CAKE as sellable under key: CAKE
[2026-09-14 23:37:25] DEBUG: ITEM DESERIALIZE: Loading from config at slot 45 in Food
[2026-09-14 23:37:25] DEBUG: ITEM DESERIALIZE: Raw config data = {type=PLAYER_BALANCE, id=PLAYER_HEAD, name=&a%player%'s Balance, lore=[&7Balance: &a%balance%]}
[2026-09-14 23:37:25] DEBUG: LOAD: Item PLAYER_HEAD at slot 45 type=PLAYER_BALANCE buyPrice=none
[2026-09-14 23:37:25] DEBUG: SKIP REGISTER: Item PLAYER_HEAD has no sell-price
[2026-09-14 23:37:25] DEBUG: ITEM DESERIALIZE: Loading from config at slot 53 in Food
[2026-09-14 23:37:25] DEBUG: ITEM DESERIALIZE: Raw config data = {type=BACK, id=RED_STAINED_GLASS_PANE, name=&c&lBack to Menu, lore=[&7Click to return to menu]}
[2026-09-14 23:37:25] DEBUG: LOAD: Item RED_STAINED_GLASS_PANE at slot 53 type=BACK buyPrice=none
[2026-09-14 23:37:25] DEBUG: SKIP REGISTER: Item RED_STAINED_GLASS_PANE has no sell-price
[2026-09-14 23:37:25] DEBUG: Loaded Page0 with 16 items.
[2026-09-14 23:37:25] DEBUG: Highest slot for Page: Page0 is 53
[2026-09-14 23:37:25] DEBUG: Shop 'Food' loaded successfully with 1 page(s).
[2026-09-14 23:37:25] DEBUG: Starting Warmup for Shop: Combat
[2026-09-14 23:37:25] DEBUG: SHOP: Loading Combat from config (not in cache)
[2026-09-14 23:37:25] DEBUG: Shop 'Combat' configured with 6 rows
[2026-09-14 23:37:25] DEBUG: Loading items for shop: Combat
[2026-09-14 23:37:25] DEBUG: ITEM DESERIALIZE: Loading from config at slot 10 in Combat
[2026-09-14 23:37:25] DEBUG: ITEM DESERIALIZE: Raw config data = {type=SHOP, id=DIAMOND_SWORD, buy-price=500.0, sell-price=100.0, enchantments=SHARPNESS:3}
[2026-09-14 23:37:25] DEBUG: ITEM DESERIALIZE: buy-price raw value = 500.0 (class=Double)
[2026-09-14 23:37:25] DEBUG: ITEM DESERIALIZE: Set buyPrice (from Double) = 500.0
[2026-09-14 23:37:25] DEBUG: ITEM DESERIALIZE: sell-price raw value = 100.0 (class=Double)
[2026-09-14 23:37:25] DEBUG: ITEM DESERIALIZE: Set sellPrice (from Double) = 100.0
[2026-09-14 23:37:25] DEBUG: LOAD: Item DIAMOND_SWORD at slot 10 type=SHOP buyPrice=500.0
[2026-09-14 23:37:25] DEBUG: REGISTER: Item DIAMOND_SWORD has sell-price 100.0, hasPotion=false
[2026-09-14 23:37:25] DEBUG: Registering DIAMOND_SWORD as sellable under key: DIAMOND_SWORD
[2026-09-14 23:37:25] DEBUG: ITEM DESERIALIZE: Loading from config at slot 11 in Combat
[2026-09-14 23:37:25] DEBUG: ITEM DESERIALIZE: Raw config data = {type=SHOP, id=DIAMOND_SWORD, buy-price=1500.0, sell-price=300.0, enchantments=SHARPNESS:5 FIRE_ASPECT:2 UNBREAKING:3, shop-name=&b&lGod Sword}
[2026-09-14 23:37:25] DEBUG: ITEM DESERIALIZE: buy-price raw value = 1500.0 (class=Double)
[2026-09-14 23:37:25] DEBUG: ITEM DESERIALIZE: Set buyPrice (from Double) = 1500.0
[2026-09-14 23:37:25] DEBUG: ITEM DESERIALIZE: sell-price raw value = 300.0 (class=Double)
[2026-09-14 23:37:25] DEBUG: ITEM DESERIALIZE: Set sellPrice (from Double) = 300.0
[2026-09-14 23:37:25] DEBUG: LOAD: Item DIAMOND_SWORD at slot 11 type=SHOP buyPrice=1500.0
[2026-09-14 23:37:25] DEBUG: REGISTER: Item DIAMOND_SWORD has sell-price 300.0, hasPotion=false
[2026-09-14 23:37:25] DEBUG: Registering DIAMOND_SWORD as sellable under key: DIAMOND_SWORD
[2026-09-14 23:37:25] DEBUG: ITEM DESERIALIZE: Loading from config at slot 12 in Combat
[2026-09-14 23:37:25] DEBUG: ITEM DESERIALIZE: Raw config data = {type=SHOP, id=NETHERITE_SWORD, buy-price=2500.0, sell-price=500.0, enchantments=SHARPNESS:5 FIRE_ASPECT:2 UNBREAKING:3 MENDING:1, shop-name=&5&lNetherite God Sword}
[2026-09-14 23:37:25] DEBUG: ITEM DESERIALIZE: buy-price raw value = 2500.0 (class=Double)
[2026-09-14 23:37:25] DEBUG: ITEM DESERIALIZE: Set buyPrice (from Double) = 2500.0
[2026-09-14 23:37:25] DEBUG: ITEM DESERIALIZE: sell-price raw value = 500.0 (class=Double)
[2026-09-14 23:37:25] DEBUG: ITEM DESERIALIZE: Set sellPrice (from Double) = 500.0
[2026-09-14 23:37:25] DEBUG: LOAD: Item NETHERITE_SWORD at slot 12 type=SHOP buyPrice=2500.0
[2026-09-14 23:37:25] DEBUG: REGISTER: Item NETHERITE_SWORD has sell-price 500.0, hasPotion=false
[2026-09-14 23:37:25] DEBUG: Registering NETHERITE_SWORD as sellable under key: NETHERITE_SWORD
[2026-09-14 23:37:25] DEBUG: ITEM DESERIALIZE: Loading from config at slot 13 in Combat
[2026-09-14 23:37:25] DEBUG: ITEM DESERIALIZE: Raw config data = {type=SHOP, id=BOW, buy-price=200.0, sell-price=40.0, enchantments=POWER:5 INFINITY:1, shop-name=&e&lPower Bow}
[2026-09-14 23:37:25] DEBUG: ITEM DESERIALIZE: buy-price raw value = 200.0 (class=Double)
[2026-09-14 23:37:25] DEBUG: ITEM DESERIALIZE: Set buyPrice (from Double) = 200.0
[2026-09-14 23:37:25] DEBUG: ITEM DESERIALIZE: sell-price raw value = 40.0 (class=Double)
[2026-09-14 23:37:25] DEBUG: ITEM DESERIALIZE: Set sellPrice (from Double) = 40.0
[2026-09-14 23:37:25] DEBUG: LOAD: Item BOW at slot 13 type=SHOP buyPrice=200.0
[2026-09-14 23:37:25] DEBUG: REGISTER: Item BOW has sell-price 40.0, hasPotion=false
[2026-09-14 23:37:25] DEBUG: Registering BOW as sellable under key: BOW
[2026-09-14 23:37:25] DEBUG: ITEM DESERIALIZE: Loading from config at slot 14 in Combat
[2026-09-14 23:37:25] DEBUG: ITEM DESERIALIZE: Raw config data = {type=SHOP, id=CROSSBOW, buy-price=300.0, sell-price=60.0, enchantments=QUICK_CHARGE:3 MULTISHOT:1}
[2026-09-14 23:37:25] DEBUG: ITEM DESERIALIZE: buy-price raw value = 300.0 (class=Double)
[2026-09-14 23:37:25] DEBUG: ITEM DESERIALIZE: Set buyPrice (from Double) = 300.0
[2026-09-14 23:37:25] DEBUG: ITEM DESERIALIZE: sell-price raw value = 60.0 (class=Double)
[2026-09-14 23:37:25] DEBUG: ITEM DESERIALIZE: Set sellPrice (from Double) = 60.0
[2026-09-14 23:37:25] DEBUG: LOAD: Item CROSSBOW at slot 14 type=SHOP buyPrice=300.0
[2026-09-14 23:37:25] DEBUG: REGISTER: Item CROSSBOW has sell-price 60.0, hasPotion=false
[2026-09-14 23:37:25] DEBUG: Registering CROSSBOW as sellable under key: CROSSBOW
[2026-09-14 23:37:25] DEBUG: ITEM DESERIALIZE: Loading from config at slot 15 in Combat
[2026-09-14 23:37:25] DEBUG: ITEM DESERIALIZE: Raw config data = {type=SHOP, id=ARROW, buy-price=2.0, sell-price=0.5}
[2026-09-14 23:37:25] DEBUG: ITEM DESERIALIZE: buy-price raw value = 2.0 (class=Double)
[2026-09-14 23:37:25] DEBUG: ITEM DESERIALIZE: Set buyPrice (from Double) = 2.0
[2026-09-14 23:37:25] DEBUG: ITEM DESERIALIZE: sell-price raw value = 0.5 (class=Double)
[2026-09-14 23:37:25] DEBUG: ITEM DESERIALIZE: Set sellPrice (from Double) = 0.5
[2026-09-14 23:37:25] DEBUG: LOAD: Item ARROW at slot 15 type=SHOP buyPrice=2.0
[2026-09-14 23:37:25] DEBUG: REGISTER: Item ARROW has sell-price 0.5, hasPotion=false
[2026-09-14 23:37:25] DEBUG: Registering ARROW as sellable under key: ARROW
[2026-09-14 23:37:25] DEBUG: ITEM DESERIALIZE: Loading from config at slot 16 in Combat
[2026-09-14 23:37:25] DEBUG: ITEM DESERIALIZE: Raw config data = {type=SHOP, id=SPECTRAL_ARROW, buy-price=5.0, sell-price=1.0}
[2026-09-14 23:37:25] DEBUG: ITEM DESERIALIZE: buy-price raw value = 5.0 (class=Double)
[2026-09-14 23:37:25] DEBUG: ITEM DESERIALIZE: Set buyPrice (from Double) = 5.0
[2026-09-14 23:37:25] DEBUG: ITEM DESERIALIZE: sell-price raw value = 1.0 (class=Double)
[2026-09-14 23:37:25] DEBUG: ITEM DESERIALIZE: Set sellPrice (from Double) = 1.0
[2026-09-14 23:37:25] DEBUG: LOAD: Item SPECTRAL_ARROW at slot 16 type=SHOP buyPrice=5.0
[2026-09-14 23:37:25] DEBUG: REGISTER: Item SPECTRAL_ARROW has sell-price 1.0, hasPotion=false
[2026-09-14 23:37:25] DEBUG: Registering SPECTRAL_ARROW as sellable under key: SPECTRAL_ARROW
[2026-09-14 23:37:25] DEBUG: ITEM DESERIALIZE: Loading from config at slot 19 in Combat
[2026-09-14 23:37:25] DEBUG: ITEM DESERIALIZE: Raw config data = {type=SHOP, id=DIAMOND_HELMET, buy-price=400.0, sell-price=80.0, enchantments=PROTECTION:4 UNBREAKING:3}
[2026-09-14 23:37:25] DEBUG: ITEM DESERIALIZE: buy-price raw value = 400.0 (class=Double)
[2026-09-14 23:37:25] DEBUG: ITEM DESERIALIZE: Set buyPrice (from Double) = 400.0
[2026-09-14 23:37:25] DEBUG: ITEM DESERIALIZE: sell-price raw value = 80.0 (class=Double)
[2026-09-14 23:37:25] DEBUG: ITEM DESERIALIZE: Set sellPrice (from Double) = 80.0
[2026-09-14 23:37:25] DEBUG: LOAD: Item DIAMOND_HELMET at slot 19 type=SHOP buyPrice=400.0
[2026-09-14 23:37:25] DEBUG: REGISTER: Item DIAMOND_HELMET has sell-price 80.0, hasPotion=false
[2026-09-14 23:37:25] DEBUG: Registering DIAMOND_HELMET as sellable under key: DIAMOND_HELMET
[2026-09-14 23:37:25] DEBUG: ITEM DESERIALIZE: Loading from config at slot 20 in Combat
[2026-09-14 23:37:25] DEBUG: ITEM DESERIALIZE: Raw config data = {type=SHOP, id=DIAMOND_CHESTPLATE, buy-price=600.0, sell-price=120.0, enchantments=PROTECTION:4 UNBREAKING:3}
[2026-09-14 23:37:25] DEBUG: ITEM DESERIALIZE: buy-price raw value = 600.0 (class=Double)
[2026-09-14 23:37:25] DEBUG: ITEM DESERIALIZE: Set buyPrice (from Double) = 600.0
[2026-09-14 23:37:25] DEBUG: ITEM DESERIALIZE: sell-price raw value = 120.0 (class=Double)
[2026-09-14 23:37:25] DEBUG: ITEM DESERIALIZE: Set sellPrice (from Double) = 120.0
[2026-09-14 23:37:25] DEBUG: LOAD: Item DIAMOND_CHESTPLATE at slot 20 type=SHOP buyPrice=600.0
[2026-09-14 23:37:25] DEBUG: REGISTER: Item DIAMOND_CHESTPLATE has sell-price 120.0, hasPotion=false
[2026-09-14 23:37:25] DEBUG: Registering DIAMOND_CHESTPLATE as sellable under key: DIAMOND_CHESTPLATE
[2026-09-14 23:37:25] DEBUG: ITEM DESERIALIZE: Loading from config at slot 21 in Combat
[2026-09-14 23:37:25] DEBUG: ITEM DESERIALIZE: Raw config data = {type=SHOP, id=DIAMOND_LEGGINGS, buy-price=500.0, sell-price=100.0, enchantments=PROTECTION:4 UNBREAKING:3}
[2026-09-14 23:37:25] DEBUG: ITEM DESERIALIZE: buy-price raw value = 500.0 (class=Double)
[2026-09-14 23:37:25] DEBUG: ITEM DESERIALIZE: Set buyPrice (from Double) = 500.0
[2026-09-14 23:37:25] DEBUG: ITEM DESERIALIZE: sell-price raw value = 100.0 (class=Double)
[2026-09-14 23:37:25] DEBUG: ITEM DESERIALIZE: Set sellPrice (from Double) = 100.0
[2026-09-14 23:37:25] DEBUG: LOAD: Item DIAMOND_LEGGINGS at slot 21 type=SHOP buyPrice=500.0
[2026-09-14 23:37:25] DEBUG: REGISTER: Item DIAMOND_LEGGINGS has sell-price 100.0, hasPotion=false
[2026-09-14 23:37:25] DEBUG: Registering DIAMOND_LEGGINGS as sellable under key: DIAMOND_LEGGINGS
[2026-09-14 23:37:25] DEBUG: ITEM DESERIALIZE: Loading from config at slot 22 in Combat
[2026-09-14 23:37:25] DEBUG: ITEM DESERIALIZE: Raw config data = {type=SHOP, id=DIAMOND_BOOTS, buy-price=350.0, sell-price=70.0, enchantments=PROTECTION:4 FEATHER_FALLING:4 UNBREAKING:3}
[2026-09-14 23:37:25] DEBUG: ITEM DESERIALIZE: buy-price raw value = 350.0 (class=Double)
[2026-09-14 23:37:25] DEBUG: ITEM DESERIALIZE: Set buyPrice (from Double) = 350.0
[2026-09-14 23:37:25] DEBUG: ITEM DESERIALIZE: sell-price raw value = 70.0 (class=Double)
[2026-09-14 23:37:25] DEBUG: ITEM DESERIALIZE: Set sellPrice (from Double) = 70.0
[2026-09-14 23:37:25] DEBUG: LOAD: Item DIAMOND_BOOTS at slot 22 type=SHOP buyPrice=350.0
[2026-09-14 23:37:25] DEBUG: REGISTER: Item DIAMOND_BOOTS has sell-price 70.0, hasPotion=false
[2026-09-14 23:37:25] DEBUG: Registering DIAMOND_BOOTS as sellable under key: DIAMOND_BOOTS
[2026-09-14 23:37:25] DEBUG: ITEM DESERIALIZE: Loading from config at slot 23 in Combat
[2026-09-14 23:37:25] DEBUG: ITEM DESERIALIZE: Raw config data = {type=SHOP, id=SHIELD, buy-price=100.0, sell-price=20.0, enchantments=UNBREAKING:3}
[2026-09-14 23:37:25] DEBUG: ITEM DESERIALIZE: buy-price raw value = 100.0 (class=Double)
[2026-09-14 23:37:25] DEBUG: ITEM DESERIALIZE: Set buyPrice (from Double) = 100.0
[2026-09-14 23:37:25] DEBUG: ITEM DESERIALIZE: sell-price raw value = 20.0 (class=Double)
[2026-09-14 23:37:25] DEBUG: ITEM DESERIALIZE: Set sellPrice (from Double) = 20.0
[2026-09-14 23:37:25] DEBUG: LOAD: Item SHIELD at slot 23 type=SHOP buyPrice=100.0
[2026-09-14 23:37:25] DEBUG: REGISTER: Item SHIELD has sell-price 20.0, hasPotion=false
[2026-09-14 23:37:25] DEBUG: Registering SHIELD as sellable under key: SHIELD
[2026-09-14 23:37:25] DEBUG: ITEM DESERIALIZE: Loading from config at slot 24 in Combat
[2026-09-14 23:37:25] DEBUG: ITEM DESERIALIZE: Raw config data = {type=SHOP, id=TOTEM_OF_UNDYING, buy-price=2500.0, sell-price=500.0}
[2026-09-14 23:37:25] DEBUG: ITEM DESERIALIZE: buy-price raw value = 2500.0 (class=Double)
[2026-09-14 23:37:25] DEBUG: ITEM DESERIALIZE: Set buyPrice (from Double) = 2500.0
[2026-09-14 23:37:25] DEBUG: ITEM DESERIALIZE: sell-price raw value = 500.0 (class=Double)
[2026-09-14 23:37:25] DEBUG: ITEM DESERIALIZE: Set sellPrice (from Double) = 500.0
[2026-09-14 23:37:25] DEBUG: LOAD: Item TOTEM_OF_UNDYING at slot 24 type=SHOP buyPrice=2500.0
[2026-09-14 23:37:25] DEBUG: REGISTER: Item TOTEM_OF_UNDYING has sell-price 500.0, hasPotion=false
[2026-09-14 23:37:25] DEBUG: Registering TOTEM_OF_UNDYING as sellable under key: TOTEM_OF_UNDYING
[2026-09-14 23:37:25] DEBUG: ITEM DESERIALIZE: Loading from config at slot 25 in Combat
[2026-09-14 23:37:25] DEBUG: ITEM DESERIALIZE: Raw config data = {type=SHOP, id=END_CRYSTAL, buy-price=150.0, sell-price=30.0}
[2026-09-14 23:37:25] DEBUG: ITEM DESERIALIZE: buy-price raw value = 150.0 (class=Double)
[2026-09-14 23:37:25] DEBUG: ITEM DESERIALIZE: Set buyPrice (from Double) = 150.0
[2026-09-14 23:37:25] DEBUG: ITEM DESERIALIZE: sell-price raw value = 30.0 (class=Double)
[2026-09-14 23:37:25] DEBUG: ITEM DESERIALIZE: Set sellPrice (from Double) = 30.0
[2026-09-14 23:37:25] DEBUG: LOAD: Item END_CRYSTAL at slot 25 type=SHOP buyPrice=150.0
[2026-09-14 23:37:25] DEBUG: REGISTER: Item END_CRYSTAL has sell-price 30.0, hasPotion=false
[2026-09-14 23:37:25] DEBUG: Registering END_CRYSTAL as sellable under key: END_CRYSTAL
[2026-09-14 23:37:25] DEBUG: ITEM DESERIALIZE: Loading from config at slot 45 in Combat
[2026-09-14 23:37:25] DEBUG: ITEM DESERIALIZE: Raw config data = {type=PLAYER_BALANCE, id=PLAYER_HEAD, name=&a%player%'s Balance, lore=[&7Balance: &a%balance%]}
[2026-09-14 23:37:25] DEBUG: LOAD: Item PLAYER_HEAD at slot 45 type=PLAYER_BALANCE buyPrice=none
[2026-09-14 23:37:25] DEBUG: SKIP REGISTER: Item PLAYER_HEAD has no sell-price
[2026-09-14 23:37:25] DEBUG: ITEM DESERIALIZE: Loading from config at slot 53 in Combat
[2026-09-14 23:37:25] DEBUG: ITEM DESERIALIZE: Raw config data = {type=BACK, id=RED_STAINED_GLASS_PANE, name=&c&lBack to Menu, lore=[&7Click to return to menu]}
[2026-09-14 23:37:25] DEBUG: LOAD: Item RED_STAINED_GLASS_PANE at slot 53 type=BACK buyPrice=none
[2026-09-14 23:37:25] DEBUG: SKIP REGISTER: Item RED_STAINED_GLASS_PANE has no sell-price
[2026-09-14 23:37:25] DEBUG: Loaded Page0 with 16 items.
[2026-09-14 23:37:25] DEBUG: Highest slot for Page: Page0 is 53
[2026-09-14 23:37:25] DEBUG: Shop 'Combat' loaded successfully with 1 page(s).
[2026-09-14 23:37:25] DEBUG: Starting Warmup for Shop: Raiding
[2026-09-14 23:37:25] DEBUG: SHOP: Loading Raiding from config (not in cache)
[2026-09-14 23:37:25] DEBUG: Shop 'Raiding' configured with 6 rows
[2026-09-14 23:37:25] DEBUG: Loading items for shop: Raiding
[2026-09-14 23:37:25] DEBUG: ITEM DESERIALIZE: Loading from config at slot 10 in Raiding
[2026-09-14 23:37:25] DEBUG: ITEM DESERIALIZE: Raw config data = {type=SHOP, id=TNT, buy-price=100.0, sell-price=25.0}
[2026-09-14 23:37:25] DEBUG: ITEM DESERIALIZE: buy-price raw value = 100.0 (class=Double)
[2026-09-14 23:37:25] DEBUG: ITEM DESERIALIZE: Set buyPrice (from Double) = 100.0
[2026-09-14 23:37:25] DEBUG: ITEM DESERIALIZE: sell-price raw value = 25.0 (class=Double)
[2026-09-14 23:37:25] DEBUG: ITEM DESERIALIZE: Set sellPrice (from Double) = 25.0
[2026-09-14 23:37:25] DEBUG: LOAD: Item TNT at slot 10 type=SHOP buyPrice=100.0
[2026-09-14 23:37:25] DEBUG: REGISTER: Item TNT has sell-price 25.0, hasPotion=false
[2026-09-14 23:37:25] DEBUG: Registering TNT as sellable under key: TNT
[2026-09-14 23:37:25] DEBUG: ITEM DESERIALIZE: Loading from config at slot 11 in Raiding
[2026-09-14 23:37:25] DEBUG: ITEM DESERIALIZE: Raw config data = {type=SHOP, id=DISPENSER, buy-price=50.0, sell-price=10.0}
[2026-09-14 23:37:25] DEBUG: ITEM DESERIALIZE: buy-price raw value = 50.0 (class=Double)
[2026-09-14 23:37:25] DEBUG: ITEM DESERIALIZE: Set buyPrice (from Double) = 50.0
[2026-09-14 23:37:25] DEBUG: ITEM DESERIALIZE: sell-price raw value = 10.0 (class=Double)
[2026-09-14 23:37:25] DEBUG: ITEM DESERIALIZE: Set sellPrice (from Double) = 10.0
[2026-09-14 23:37:25] DEBUG: LOAD: Item DISPENSER at slot 11 type=SHOP buyPrice=50.0
[2026-09-14 23:37:25] DEBUG: REGISTER: Item DISPENSER has sell-price 10.0, hasPotion=false
[2026-09-14 23:37:25] DEBUG: Registering DISPENSER as sellable under key: DISPENSER
[2026-09-14 23:37:25] DEBUG: ITEM DESERIALIZE: Loading from config at slot 12 in Raiding
[2026-09-14 23:37:25] DEBUG: ITEM DESERIALIZE: Raw config data = {type=SHOP, id=REDSTONE, buy-price=5.0, sell-price=1.0}
[2026-09-14 23:37:25] DEBUG: ITEM DESERIALIZE: buy-price raw value = 5.0 (class=Double)
[2026-09-14 23:37:25] DEBUG: ITEM DESERIALIZE: Set buyPrice (from Double) = 5.0
[2026-09-14 23:37:25] DEBUG: ITEM DESERIALIZE: sell-price raw value = 1.0 (class=Double)
[2026-09-14 23:37:25] DEBUG: ITEM DESERIALIZE: Set sellPrice (from Double) = 1.0
[2026-09-14 23:37:25] DEBUG: LOAD: Item REDSTONE at slot 12 type=SHOP buyPrice=5.0
[2026-09-14 23:37:25] DEBUG: REGISTER: Item REDSTONE has sell-price 1.0, hasPotion=false
[2026-09-14 23:37:25] DEBUG: Registering REDSTONE as sellable under key: REDSTONE
[2026-09-14 23:37:25] DEBUG: ITEM DESERIALIZE: Loading from config at slot 13 in Raiding
[2026-09-14 23:37:25] DEBUG: ITEM DESERIALIZE: Raw config data = {type=SHOP, id=REPEATER, buy-price=15.0, sell-price=3.0}
[2026-09-14 23:37:25] DEBUG: ITEM DESERIALIZE: buy-price raw value = 15.0 (class=Double)
[2026-09-14 23:37:25] DEBUG: ITEM DESERIALIZE: Set buyPrice (from Double) = 15.0
[2026-09-14 23:37:25] DEBUG: ITEM DESERIALIZE: sell-price raw value = 3.0 (class=Double)
[2026-09-14 23:37:25] DEBUG: ITEM DESERIALIZE: Set sellPrice (from Double) = 3.0
[2026-09-14 23:37:25] DEBUG: LOAD: Item REPEATER at slot 13 type=SHOP buyPrice=15.0
[2026-09-14 23:37:25] DEBUG: REGISTER: Item REPEATER has sell-price 3.0, hasPotion=false
[2026-09-14 23:37:25] DEBUG: Registering REPEATER as sellable under key: REPEATER
[2026-09-14 23:37:25] DEBUG: ITEM DESERIALIZE: Loading from config at slot 14 in Raiding
[2026-09-14 23:37:25] DEBUG: ITEM DESERIALIZE: Raw config data = {type=SHOP, id=COMPARATOR, buy-price=20.0, sell-price=4.0}
[2026-09-14 23:37:25] DEBUG: ITEM DESERIALIZE: buy-price raw value = 20.0 (class=Double)
[2026-09-14 23:37:25] DEBUG: ITEM DESERIALIZE: Set buyPrice (from Double) = 20.0
[2026-09-14 23:37:25] DEBUG: ITEM DESERIALIZE: sell-price raw value = 4.0 (class=Double)
[2026-09-14 23:37:25] DEBUG: ITEM DESERIALIZE: Set sellPrice (from Double) = 4.0
[2026-09-14 23:37:25] DEBUG: LOAD: Item COMPARATOR at slot 14 type=SHOP buyPrice=20.0
[2026-09-14 23:37:25] DEBUG: REGISTER: Item COMPARATOR has sell-price 4.0, hasPotion=false
[2026-09-14 23:37:25] DEBUG: Registering COMPARATOR as sellable under key: COMPARATOR
[2026-09-14 23:37:25] DEBUG: ITEM DESERIALIZE: Loading from config at slot 15 in Raiding
[2026-09-14 23:37:25] DEBUG: ITEM DESERIALIZE: Raw config data = {type=SHOP, id=LEVER, buy-price=3.0, sell-price=0.5}
[2026-09-14 23:37:25] DEBUG: ITEM DESERIALIZE: buy-price raw value = 3.0 (class=Double)
[2026-09-14 23:37:25] DEBUG: ITEM DESERIALIZE: Set buyPrice (from Double) = 3.0
[2026-09-14 23:37:25] DEBUG: ITEM DESERIALIZE: sell-price raw value = 0.5 (class=Double)
[2026-09-14 23:37:25] DEBUG: ITEM DESERIALIZE: Set sellPrice (from Double) = 0.5
[2026-09-14 23:37:25] DEBUG: LOAD: Item LEVER at slot 15 type=SHOP buyPrice=3.0
[2026-09-14 23:37:25] DEBUG: REGISTER: Item LEVER has sell-price 0.5, hasPotion=false
[2026-09-14 23:37:25] DEBUG: Registering LEVER as sellable under key: LEVER
[2026-09-14 23:37:25] DEBUG: ITEM DESERIALIZE: Loading from config at slot 16 in Raiding
[2026-09-14 23:37:25] DEBUG: ITEM DESERIALIZE: Raw config data = {type=SHOP, id=STONE_BUTTON, buy-price=3.0, sell-price=0.5}
[2026-09-14 23:37:25] DEBUG: ITEM DESERIALIZE: buy-price raw value = 3.0 (class=Double)
[2026-09-14 23:37:25] DEBUG: ITEM DESERIALIZE: Set buyPrice (from Double) = 3.0
[2026-09-14 23:37:25] DEBUG: ITEM DESERIALIZE: sell-price raw value = 0.5 (class=Double)
[2026-09-14 23:37:25] DEBUG: ITEM DESERIALIZE: Set sellPrice (from Double) = 0.5
[2026-09-14 23:37:25] DEBUG: LOAD: Item STONE_BUTTON at slot 16 type=SHOP buyPrice=3.0
[2026-09-14 23:37:25] DEBUG: REGISTER: Item STONE_BUTTON has sell-price 0.5, hasPotion=false
[2026-09-14 23:37:25] DEBUG: Registering STONE_BUTTON as sellable under key: STONE_BUTTON
[2026-09-14 23:37:25] DEBUG: ITEM DESERIALIZE: Loading from config at slot 19 in Raiding
[2026-09-14 23:37:25] DEBUG: ITEM DESERIALIZE: Raw config data = {type=SHOP, id=FLINT_AND_STEEL, buy-price=25.0, sell-price=5.0}
[2026-09-14 23:37:25] DEBUG: ITEM DESERIALIZE: buy-price raw value = 25.0 (class=Double)
[2026-09-14 23:37:25] DEBUG: ITEM DESERIALIZE: Set buyPrice (from Double) = 25.0
[2026-09-14 23:37:25] DEBUG: ITEM DESERIALIZE: sell-price raw value = 5.0 (class=Double)
[2026-09-14 23:37:25] DEBUG: ITEM DESERIALIZE: Set sellPrice (from Double) = 5.0
[2026-09-14 23:37:25] DEBUG: LOAD: Item FLINT_AND_STEEL at slot 19 type=SHOP buyPrice=25.0
[2026-09-14 23:37:25] DEBUG: REGISTER: Item FLINT_AND_STEEL has sell-price 5.0, hasPotion=false
[2026-09-14 23:37:25] DEBUG: Registering FLINT_AND_STEEL as sellable under key: FLINT_AND_STEEL
[2026-09-14 23:37:25] DEBUG: ITEM DESERIALIZE: Loading from config at slot 20 in Raiding
[2026-09-14 23:37:25] DEBUG: ITEM DESERIALIZE: Raw config data = {type=SHOP, id=FIRE_CHARGE, buy-price=10.0, sell-price=2.0}
[2026-09-14 23:37:25] DEBUG: ITEM DESERIALIZE: buy-price raw value = 10.0 (class=Double)
[2026-09-14 23:37:25] DEBUG: ITEM DESERIALIZE: Set buyPrice (from Double) = 10.0
[2026-09-14 23:37:25] DEBUG: ITEM DESERIALIZE: sell-price raw value = 2.0 (class=Double)
[2026-09-14 23:37:25] DEBUG: ITEM DESERIALIZE: Set sellPrice (from Double) = 2.0
[2026-09-14 23:37:25] DEBUG: LOAD: Item FIRE_CHARGE at slot 20 type=SHOP buyPrice=10.0
[2026-09-14 23:37:25] DEBUG: REGISTER: Item FIRE_CHARGE has sell-price 2.0, hasPotion=false
[2026-09-14 23:37:25] DEBUG: Registering FIRE_CHARGE as sellable under key: FIRE_CHARGE
[2026-09-14 23:37:25] DEBUG: ITEM DESERIALIZE: Loading from config at slot 21 in Raiding
[2026-09-14 23:37:25] DEBUG: ITEM DESERIALIZE: Raw config data = {type=SHOP, id=ENDER_PEARL, buy-price=75.0, sell-price=15.0}
[2026-09-14 23:37:25] DEBUG: ITEM DESERIALIZE: buy-price raw value = 75.0 (class=Double)
[2026-09-14 23:37:25] DEBUG: ITEM DESERIALIZE: Set buyPrice (from Double) = 75.0
[2026-09-14 23:37:25] DEBUG: ITEM DESERIALIZE: sell-price raw value = 15.0 (class=Double)
[2026-09-14 23:37:25] DEBUG: ITEM DESERIALIZE: Set sellPrice (from Double) = 15.0
[2026-09-14 23:37:25] DEBUG: LOAD: Item ENDER_PEARL at slot 21 type=SHOP buyPrice=75.0
[2026-09-14 23:37:25] DEBUG: REGISTER: Item ENDER_PEARL has sell-price 15.0, hasPotion=false
[2026-09-14 23:37:25] DEBUG: Registering ENDER_PEARL as sellable under key: ENDER_PEARL
[2026-09-14 23:37:25] DEBUG: ITEM DESERIALIZE: Loading from config at slot 22 in Raiding
[2026-09-14 23:37:25] DEBUG: ITEM DESERIALIZE: Raw config data = {type=SHOP, id=ENDER_EYE, buy-price=150.0, sell-price=30.0}
[2026-09-14 23:37:25] DEBUG: ITEM DESERIALIZE: buy-price raw value = 150.0 (class=Double)
[2026-09-14 23:37:25] DEBUG: ITEM DESERIALIZE: Set buyPrice (from Double) = 150.0
[2026-09-14 23:37:25] DEBUG: ITEM DESERIALIZE: sell-price raw value = 30.0 (class=Double)
[2026-09-14 23:37:25] DEBUG: ITEM DESERIALIZE: Set sellPrice (from Double) = 30.0
[2026-09-14 23:37:25] DEBUG: LOAD: Item ENDER_EYE at slot 22 type=SHOP buyPrice=150.0
[2026-09-14 23:37:25] DEBUG: REGISTER: Item ENDER_EYE has sell-price 30.0, hasPotion=false
[2026-09-14 23:37:25] DEBUG: Registering ENDER_EYE as sellable under key: ENDER_EYE
[2026-09-14 23:37:25] DEBUG: ITEM DESERIALIZE: Loading from config at slot 23 in Raiding
[2026-09-14 23:37:25] DEBUG: ITEM DESERIALIZE: Raw config data = {type=SHOP, id=SPLASH_POTION, buy-price=200.0, sell-price=40.0, potion-info=MemorySection[path='pages.Page0.items.23.potion-info', root='YamlConfiguration'], potion-info.type=HARMING, potion-info.splash=true, potion-info.extended=false, potion-info.upgraded=true, shop-name=&c&lHarming II Splash}
[2026-09-14 23:37:25] DEBUG: ITEM DESERIALIZE: buy-price raw value = 200.0 (class=Double)
[2026-09-14 23:37:25] DEBUG: ITEM DESERIALIZE: Set buyPrice (from Double) = 200.0
[2026-09-14 23:37:25] DEBUG: ITEM DESERIALIZE: sell-price raw value = 40.0 (class=Double)
[2026-09-14 23:37:25] DEBUG: ITEM DESERIALIZE: Set sellPrice (from Double) = 40.0
[2026-09-14 23:37:25] DEBUG: LOAD: Item SPLASH_POTION at slot 23 type=SHOP buyPrice=200.0
[2026-09-14 23:37:25] DEBUG: REGISTER: Item SPLASH_POTION has sell-price 40.0, hasPotion=true
[2026-09-14 23:37:25] DEBUG: Registering SPLASH_POTION (potion: HARMING) as sellable under key: SPLASH_POTION
[2026-09-14 23:37:25] DEBUG: ITEM DESERIALIZE: Loading from config at slot 24 in Raiding
[2026-09-14 23:37:25] DEBUG: ITEM DESERIALIZE: Raw config data = {type=SHOP, id=SPLASH_POTION, buy-price=150.0, sell-price=30.0, potion-info=MemorySection[path='pages.Page0.items.24.potion-info', root='YamlConfiguration'], potion-info.type=SLOWNESS, potion-info.splash=true, potion-info.extended=true, potion-info.upgraded=false, shop-name=&9&lSlowness Splash}
[2026-09-14 23:37:25] DEBUG: ITEM DESERIALIZE: buy-price raw value = 150.0 (class=Double)
[2026-09-14 23:37:25] DEBUG: ITEM DESERIALIZE: Set buyPrice (from Double) = 150.0
[2026-09-14 23:37:25] DEBUG: ITEM DESERIALIZE: sell-price raw value = 30.0 (class=Double)
[2026-09-14 23:37:25] DEBUG: ITEM DESERIALIZE: Set sellPrice (from Double) = 30.0
[2026-09-14 23:37:25] DEBUG: LOAD: Item SPLASH_POTION at slot 24 type=SHOP buyPrice=150.0
[2026-09-14 23:37:25] DEBUG: REGISTER: Item SPLASH_POTION has sell-price 30.0, hasPotion=true
[2026-09-14 23:37:25] DEBUG: Registering SPLASH_POTION (potion: SLOWNESS) as sellable under key: SPLASH_POTION
[2026-09-14 23:37:25] DEBUG: ITEM DESERIALIZE: Loading from config at slot 25 in Raiding
[2026-09-14 23:37:25] DEBUG: ITEM DESERIALIZE: Raw config data = {type=SHOP, id=WATER_BUCKET, buy-price=20.0, sell-price=5.0}
[2026-09-14 23:37:25] DEBUG: ITEM DESERIALIZE: buy-price raw value = 20.0 (class=Double)
[2026-09-14 23:37:25] DEBUG: ITEM DESERIALIZE: Set buyPrice (from Double) = 20.0
[2026-09-14 23:37:25] DEBUG: ITEM DESERIALIZE: sell-price raw value = 5.0 (class=Double)
[2026-09-14 23:37:25] DEBUG: ITEM DESERIALIZE: Set sellPrice (from Double) = 5.0
[2026-09-14 23:37:25] DEBUG: LOAD: Item WATER_BUCKET at slot 25 type=SHOP buyPrice=20.0
[2026-09-14 23:37:25] DEBUG: REGISTER: Item WATER_BUCKET has sell-price 5.0, hasPotion=false
[2026-09-14 23:37:25] DEBUG: Registering WATER_BUCKET as sellable under key: WATER_BUCKET
[2026-09-14 23:37:25] DEBUG: ITEM DESERIALIZE: Loading from config at slot 45 in Raiding
[2026-09-14 23:37:25] DEBUG: ITEM DESERIALIZE: Raw config data = {type=PLAYER_BALANCE, id=PLAYER_HEAD, name=&a%player%'s Balance, lore=[&7Balance: &a%balance%]}
[2026-09-14 23:37:25] DEBUG: LOAD: Item PLAYER_HEAD at slot 45 type=PLAYER_BALANCE buyPrice=none
[2026-09-14 23:37:25] DEBUG: SKIP REGISTER: Item PLAYER_HEAD has no sell-price
[2026-09-14 23:37:25] DEBUG: ITEM DESERIALIZE: Loading from config at slot 53 in Raiding
[2026-09-14 23:37:25] DEBUG: ITEM DESERIALIZE: Raw config data = {type=BACK, id=RED_STAINED_GLASS_PANE, name=&c&lBack to Menu, lore=[&7Click to return to menu]}
[2026-09-14 23:37:25] DEBUG: LOAD: Item RED_STAINED_GLASS_PANE at slot 53 type=BACK buyPrice=none
[2026-09-14 23:37:25] DEBUG: SKIP REGISTER: Item RED_STAINED_GLASS_PANE has no sell-price
[2026-09-14 23:37:25] DEBUG: Loaded Page0 with 16 items.
[2026-09-14 23:37:25] DEBUG: Highest slot for Page: Page0 is 53
[2026-09-14 23:37:25] DEBUG: Shop 'Raiding' loaded successfully with 1 page(s).
[2026-09-14 23:37:25] DEBUG: Starting Warmup for Shop: Spawners
[2026-09-14 23:37:25] DEBUG: SHOP: Loading Spawners from config (not in cache)
[2026-09-14 23:37:25] DEBUG: Shop 'Spawners' configured with 6 rows
[2026-09-14 23:37:25] DEBUG: Loading items for shop: Spawners
[2026-09-14 23:37:25] DEBUG: ITEM DESERIALIZE: Loading from config at slot 11 in Spawners
[2026-09-14 23:37:25] DEBUG: ITEM DESERIALIZE: Raw config data = {type=SHOP, id=SPAWNER, mob-type=ZOMBIE, buy-price=50000.0, sell-price=10000.0, shop-name=&2&lZombie Spawner, lore=[&7Spawns zombies, &7Great for XP farms!]}
[2026-09-14 23:37:25] DEBUG: ITEM DESERIALIZE: buy-price raw value = 50000.0 (class=Double)
[2026-09-14 23:37:25] DEBUG: ITEM DESERIALIZE: Set buyPrice (from Double) = 50000.0
[2026-09-14 23:37:25] DEBUG: ITEM DESERIALIZE: sell-price raw value = 10000.0 (class=Double)
[2026-09-14 23:37:25] DEBUG: ITEM DESERIALIZE: Set sellPrice (from Double) = 10000.0
[2026-09-14 23:37:25] DEBUG: LOAD: Item SPAWNER at slot 11 type=SHOP buyPrice=50000.0
[2026-09-14 23:37:25] DEBUG: REGISTER: Item SPAWNER has sell-price 10000.0, hasPotion=false
[2026-09-14 23:37:25] DEBUG: Registering SPAWNER as sellable under key: SPAWNER
[2026-09-14 23:37:25] DEBUG: ITEM DESERIALIZE: Loading from config at slot 12 in Spawners
[2026-09-14 23:37:25] DEBUG: ITEM DESERIALIZE: Raw config data = {type=SHOP, id=SPAWNER, mob-type=SKELETON, buy-price=50000.0, sell-price=10000.0, shop-name=&f&lSkeleton Spawner, lore=[&7Spawns skeletons, &7Get bones and arrows!]}
[2026-09-14 23:37:25] DEBUG: ITEM DESERIALIZE: buy-price raw value = 50000.0 (class=Double)
[2026-09-14 23:37:25] DEBUG: ITEM DESERIALIZE: Set buyPrice (from Double) = 50000.0
[2026-09-14 23:37:25] DEBUG: ITEM DESERIALIZE: sell-price raw value = 10000.0 (class=Double)
[2026-09-14 23:37:25] DEBUG: ITEM DESERIALIZE: Set sellPrice (from Double) = 10000.0
[2026-09-14 23:37:25] DEBUG: LOAD: Item SPAWNER at slot 12 type=SHOP buyPrice=50000.0
[2026-09-14 23:37:25] DEBUG: REGISTER: Item SPAWNER has sell-price 10000.0, hasPotion=false
[2026-09-14 23:37:25] DEBUG: Registering SPAWNER as sellable under key: SPAWNER
[2026-09-14 23:37:25] DEBUG: ITEM DESERIALIZE: Loading from config at slot 13 in Spawners
[2026-09-14 23:37:25] DEBUG: ITEM DESERIALIZE: Raw config data = {type=SHOP, id=SPAWNER, mob-type=SPIDER, buy-price=45000.0, sell-price=9000.0, shop-name=&8&lSpider Spawner, lore=[&7Spawns spiders, &7Collect string and eyes!]}
[2026-09-14 23:37:25] DEBUG: ITEM DESERIALIZE: buy-price raw value = 45000.0 (class=Double)
[2026-09-14 23:37:25] DEBUG: ITEM DESERIALIZE: Set buyPrice (from Double) = 45000.0
[2026-09-14 23:37:25] DEBUG: ITEM DESERIALIZE: sell-price raw value = 9000.0 (class=Double)
[2026-09-14 23:37:25] DEBUG: ITEM DESERIALIZE: Set sellPrice (from Double) = 9000.0
[2026-09-14 23:37:25] DEBUG: LOAD: Item SPAWNER at slot 13 type=SHOP buyPrice=45000.0
[2026-09-14 23:37:25] DEBUG: REGISTER: Item SPAWNER has sell-price 9000.0, hasPotion=false
[2026-09-14 23:37:25] DEBUG: Registering SPAWNER as sellable under key: SPAWNER
[2026-09-14 23:37:25] DEBUG: ITEM DESERIALIZE: Loading from config at slot 14 in Spawners
[2026-09-14 23:37:25] DEBUG: ITEM DESERIALIZE: Raw config data = {type=SHOP, id=SPAWNER, mob-type=CREEPER, buy-price=75000.0, sell-price=15000.0, shop-name=&a&lCreeper Spawner, lore=[&7Spawns creepers, &7Infinite gunpowder!]}
[2026-09-14 23:37:25] DEBUG: ITEM DESERIALIZE: buy-price raw value = 75000.0 (class=Double)
[2026-09-14 23:37:25] DEBUG: ITEM DESERIALIZE: Set buyPrice (from Double) = 75000.0
[2026-09-14 23:37:25] DEBUG: ITEM DESERIALIZE: sell-price raw value = 15000.0 (class=Double)
[2026-09-14 23:37:25] DEBUG: ITEM DESERIALIZE: Set sellPrice (from Double) = 15000.0
[2026-09-14 23:37:25] DEBUG: LOAD: Item SPAWNER at slot 14 type=SHOP buyPrice=75000.0
[2026-09-14 23:37:25] DEBUG: REGISTER: Item SPAWNER has sell-price 15000.0, hasPotion=false
[2026-09-14 23:37:25] DEBUG: Registering SPAWNER as sellable under key: SPAWNER
[2026-09-14 23:37:25] DEBUG: ITEM DESERIALIZE: Loading from config at slot 15 in Spawners
[2026-09-14 23:37:25] DEBUG: ITEM DESERIALIZE: Raw config data = {type=SHOP, id=SPAWNER, mob-type=IRON_GOLEM, buy-price=250000.0, sell-price=50000.0, shop-name=&7&lIron Golem Spawner, lore=[&7Spawns iron golems, &7Massive iron production!]}
[2026-09-14 23:37:25] DEBUG: ITEM DESERIALIZE: buy-price raw value = 250000.0 (class=Double)
[2026-09-14 23:37:25] DEBUG: ITEM DESERIALIZE: Set buyPrice (from Double) = 250000.0
[2026-09-14 23:37:25] DEBUG: ITEM DESERIALIZE: sell-price raw value = 50000.0 (class=Double)
[2026-09-14 23:37:25] DEBUG: ITEM DESERIALIZE: Set sellPrice (from Double) = 50000.0
[2026-09-14 23:37:25] DEBUG: LOAD: Item SPAWNER at slot 15 type=SHOP buyPrice=250000.0
[2026-09-14 23:37:25] DEBUG: REGISTER: Item SPAWNER has sell-price 50000.0, hasPotion=false
[2026-09-14 23:37:25] DEBUG: Registering SPAWNER as sellable under key: SPAWNER
[2026-09-14 23:37:25] DEBUG: ITEM DESERIALIZE: Loading from config at slot 45 in Spawners
[2026-09-14 23:37:25] DEBUG: ITEM DESERIALIZE: Raw config data = {type=PLAYER_BALANCE, id=PLAYER_HEAD, name=&a%player%'s Balance, lore=[&7Balance: &a%balance%]}
[2026-09-14 23:37:25] DEBUG: LOAD: Item PLAYER_HEAD at slot 45 type=PLAYER_BALANCE buyPrice=none
[2026-09-14 23:37:25] DEBUG: SKIP REGISTER: Item PLAYER_HEAD has no sell-price
[2026-09-14 23:37:25] DEBUG: ITEM DESERIALIZE: Loading from config at slot 53 in Spawners
[2026-09-14 23:37:25] DEBUG: ITEM DESERIALIZE: Raw config data = {type=BACK, id=RED_STAINED_GLASS_PANE, name=&c&lBack to Menu, lore=[&7Click to return to menu]}
[2026-09-14 23:37:25] DEBUG: LOAD: Item RED_STAINED_GLASS_PANE at slot 53 type=BACK buyPrice=none
[2026-09-14 23:37:25] DEBUG: SKIP REGISTER: Item RED_STAINED_GLASS_PANE has no sell-price
[2026-09-14 23:37:25] DEBUG: Loaded Page0 with 7 items.
[2026-09-14 23:37:25] DEBUG: Highest slot for Page: Page0 is 53
[2026-09-14 23:37:25] DEBUG: Shop 'Spawners' loaded successfully with 1 page(s).
[2026-09-14 23:37:25] DEBUG: Item warming completed in: 116ms
[2026-09-14 23:37:29] DEBUG: getBalance: Cache hit for f7b02e42-9974-3b87-83a1-7ff87122c29a = 1000.0
[2026-09-14 23:37:29] DEBUG: getBalance: Vyqzren = 1000.0
[2026-09-14 23:37:29] DEBUG: getBalance: Cache hit for 90efe8dd-9548-3ef4-afa4-c58e212ec96b = 1000.0
[2026-09-14 23:37:29] DEBUG: getBalance: papa = 1000.0
[2026-09-14 23:37:29] DEBUG: getBalance: Cache hit for 9d0a22e5-ae42-36a4-aec0-6ac7c0f92395 = 1000.0
[2026-09-14 23:37:29] DEBUG: getBalance: isaacman = 1000.0
[2026-09-14 23:37:29] DEBUG: getBalance: Cache hit for c469abf8-77c1-3599-a29e-3e4aa0dafc42 = 1000.0
[2026-09-14 23:37:29] DEBUG: getBalance: NotPulseWave_YT = 1000.0
[2026-09-14 23:37:29] DEBUG: getBalance: Cache hit for 7fc03cd6-d44d-3b89-8c2b-48f3080ba5a9 = 1000.0
[2026-09-14 23:37:29] DEBUG: getBalance: dicestack88YT = 1000.0
[2026-09-14 23:37:29] DEBUG: getBalance: Cache hit for 00f7e65d-7a92-322d-95f2-acffa5f6f407 = 1000.0
[2026-09-14 23:37:29] DEBUG: getBalance: Thundra1 = 1000.0
[2026-09-14 23:37:29] DEBUG: getBalance: Cache hit for cfa83abc-6096-3ae6-b933-fcd2c88c0c00 = 1000.0
[2026-09-14 23:37:29] DEBUG: getBalance: A_Bell_01 = 1000.0
[2026-09-14 23:37:29] DEBUG: getBalance: Cache hit for 91157811-cc2a-39eb-9baf-d97486ed091a = 1000.0
[2026-09-14 23:37:29] DEBUG: getBalance: HACKER1original3 = 1000.0
[2026-09-14 23:37:29] DEBUG: getBalance: Cache hit for 17263723-3e8b-3405-9b8c-a6d5b2fc31a4 = 1000.0
[2026-09-14 23:37:29] DEBUG: getBalance: dark677d = 1000.0
[2026-09-14 23:37:29] DEBUG: getBalance: Cache hit for 41942e52-3953-35f5-95f8-cfdda10d1924 = 1000.0
[2026-09-14 23:37:29] DEBUG: getBalance: dark67 = 1000.0
[2026-09-14 23:37:29] DEBUG: getBalance: Cache hit for d39b0f8f-cd02-3b09-8d3d-ae161a5276ca = 1000.0
[2026-09-14 23:37:29] DEBUG: getBalance: HACKER1original2 = 1000.0
[2026-09-14 23:37:29] DEBUG: getBalance: Cache hit for 22912532-02a2-3172-852f-2e5a77266a8e = 1000.0
[2026-09-14 23:37:29] DEBUG: getBalance: Dicestack87 = 1000.0
[2026-09-14 23:37:29] DEBUG: getBalance: Cache hit for 9713e7ee-4b63-3db0-80f0-142a29dfdce4 = 1000.0
[2026-09-14 23:37:29] DEBUG: getBalance: null = 1000.0
[2026-09-14 23:37:29] DEBUG: getBalance: Cache hit for e46c52c6-2db2-3713-9f23-61380f9b94df = 1000.0
[2026-09-14 23:37:29] DEBUG: getBalance: YuviPRO1123 = 1000.0
[2026-09-14 23:37:29] DEBUG: getBalance: Cache hit for 9fe1a973-8383-336c-bc6b-132e97244969 = 1000.0
[2026-09-14 23:37:29] DEBUG: getBalance: rememberins = 1000.0
[2026-09-14 23:37:29] DEBUG: getBalance: Cache hit for 4edda42d-ad85-3c02-b269-945701367eca = 1000.0
[2026-09-14 23:37:29] DEBUG: getBalance: Agent_007 = 1000.0
[2026-09-14 23:37:29] DEBUG: getBalance: Cache hit for cfad3c5e-6ceb-30a4-ac88-b9c3a83b80db = 1000.0
[2026-09-14 23:37:29] DEBUG: getBalance: HACKER1original1 = 1000.0
[2026-09-14 23:37:29] DEBUG: getBalance: Cache hit for 4e682c33-7b34-348a-9d48-e25db25fba94 = 1000.0
[2026-09-14 23:37:29] DEBUG: getBalance: KILLER_EXE = 1000.0
[2026-09-14 23:37:29] DEBUG: getBalance: Cache hit for b8dad029-33c6-31a3-9924-55b642d3040b = 1000.0
[2026-09-14 23:37:29] DEBUG: getBalance: magneticmaggot = 1000.0
[2026-09-14 23:37:29] DEBUG: getBalance: Cache hit for 16a6bccb-50d8-3c8e-9bdc-293c23fd4b1a = 1000.0
[2026-09-14 23:37:29] DEBUG: getBalance: mythicalrocket = 1000.0
[2026-09-14 23:37:29] DEBUG: getBalance: Cache hit for 83ebaff4-02f0-31e4-87c2-853052c6b342 = 1000.0
[2026-09-14 23:37:29] DEBUG: getBalance: gooner = 1000.0
[2026-09-14 23:37:31] DEBUG: getBalance: Cache hit for 7fc03cd6-d44d-3b89-8c2b-48f3080ba5a9 = 1000.0
[2026-09-14 23:37:31] DEBUG: loadPlayerCache: Loaded dicestack88YT with balance 1000.0
[2026-09-14 23:42:37] DEBUG: getBalance: Cache miss for 7fc03cd6-d44d-3b89-8c2b-48f3080ba5a9, querying DB
[2026-09-14 23:42:37] DEBUG: getBalance: DB returned 1000.0 for 7fc03cd6-d44d-3b89-8c2b-48f3080ba5a9
[2026-09-14 23:42:37] DEBUG: loadPlayerCache: Loaded dicestack88YT with balance 1000.0
[2026-09-14 23:56:38] DEBUG: getBalance: Cache hit for 4edda42d-ad85-3c02-b269-945701367eca = 1000.0
[2026-09-14 23:56:38] DEBUG: loadPlayerCache: Loaded Agent_007 with balance 1000.0
[2026-09-15 00:25:35] DEBUG: getBalance: Cache hit for e46c52c6-2db2-3713-9f23-61380f9b94df = 1000.0
[2026-09-15 00:25:35] DEBUG: loadPlayerCache: Loaded YuviPRO1123 with balance 1000.0
